0.5060635428358218,0.14259383884150645,1
0.9995843035120136,0.13676235036528528,1
1.4937864271676395,0.1320954273327848,1
1.9881582947368435,0.12513941102756299,1
2.481329613924054,0.12121541591318774,1
2.9747778828507823,0.11474117748434054,1
3.4687507000000126,0.11158035714287706,1
3.9622243872236127,0.10614672545920101,1
4.454465185714239,0.10310863095239853,1
4.947322418571537,0.09825148809525075,1
5.440601090000073,0.09558635714279262,1
5.933751190000048,0.09088124999992431,1
6.426167470758029,0.08840400701092221,1
6.919818463170718,0.08375624274096083,1
7.41104045103876,0.08146444032158229,1
7.904699576577341,0.07710274848190579,1
8.396740810434762,0.07596752070389812,1
8.889287494285677,0.07216071428568682,1
9.380841296058533,0.07009806221753934,1
9.87386561636355,0.0665730519479979,1
10.365363525783174,0.0649940834767051,1
10.85701054820094,0.06148447150815173,1
11.349052902911502,0.060715302893413536,1
11.841742458105777,0.056883273022890535,1
12.33432065181809,0.05616239177487614,1
12.824758667560955,0.052383986643434355,1
13.317213725276082,0.052209275544527145,1
13.806624391621666,0.04846719755479967,1
14.299564273508253,0.04821444235597028,1
14.792958761104906,0.045233244540924034,1
15.2867173457142,0.04490899659870706,1
15.778574588571317,0.0422244897960411,1
16.267724778987695,0.04159342977703773,1
16.760297477646546,0.03886292016829884,1
17.253726864255594,0.038580737081872485,1
17.7441524861701,0.03602298632225143,1
18.23676835588271,0.03616106442586897,1
18.728820543893168,0.03323230189022297,1
19.217686776829293,0.03332600174226741,1
19.71125394999996,0.031143750000126147,1
20.202159222414448,0.031216851395612366,1
20.696852879496088,0.029243722489212587,1
21.18868348528302,0.02882659478902383,1
21.681608113584822,0.027075584006951203,1
22.17846978653535,0.02703256129160536,1
22.66830350907277,0.024797527000401942,1
23.15726270451514,0.025237615207373665,1
23.653656425393212,0.0228627942748858,1
24.145317329999376,0.023867187500229647,1
24.64052217138018,0.02132296798021116,1
25.12805381048787,0.02166434378585791,1
25.62130142629524,0.019889219576867845,1
26.108808046902105,0.02009762743119836,1
26.606255329999367,0.017941964285853373,1
27.09049837774614,0.01869722501663773,1
27.583070036130056,0.01617991551475484,1
28.078736963284015,0.01719194207518626,1
28.56822605898375,0.015093270782728041,1
29.059216346314763,0.015594454887235543,1
29.550005909999236,0.013714285714200969,1
30.038894888888407,0.014103174603178559,1
30.531736869230574,0.012296932234562519,1
31.023083123077008,0.013179487179428406,1
31.514368002127423,0.010998543566358876,1
31.996434961428324,0.011431122448925635,1
32.505888832940194,0.009577030812295106,1
33.01389545888959,0.01031051587298748,1
33.50900666999748,0.008200119047529597,1
34.00625677000327,0.00921875000011596,1
34.4790068699993,0.007171547619094554,1
0.5184443370058716,0.13389922304538238,2
1.0128820837270873,0.1276022754824946,2
1.5060347927586248,0.1236518883415405,2
1.999841164331212,0.11814291401274346,2
2.4940270486725677,0.11488632532657661,2
2.98797229811321,0.10833973495057947,2
3.4812969962963076,0.10524609788361161,2
3.9744853360824965,0.10010763377513499,2
4.468379278378337,0.09709510939509869,2
4.960493957746527,0.0919718393695419,2
5.453847253846216,0.08980952380947826,2
5.9455894252941635,0.0852219887954746,2
6.439616674615393,0.08335737179484681,2
6.931488731772145,0.07913475738396869,2
7.424835377043019,0.07738396812214887,2
7.916959631958187,0.0729630785881028,2
8.408212022103378,0.07172984756624601,2
8.900986041968585,0.06742974315713468,2
9.393183698181922,0.06677272727263528,2
9.886869684280084,0.0631634357050217,2
10.377980803404286,0.06159028622086282,2
10.870853708384377,0.05825983832394854,2
11.3625022799999,0.057377976190423396,2
11.853573808571657,0.054012755102121446,2
12.344818138202687,0.05364682082503691,2
12.838046048260852,0.05071234472055153,2
13.330055861489113,0.049451431104472476,2
13.82287511042558,0.04675405268497457,2
14.314020211040013,0.04601900977161222,2
14.806252970000248,0.04338839285719587,2
15.295642594883658,0.04334890642300593,2
15.790509489113841,0.04002019288725478,2
16.281866005098333,0.03995395658267853,2
16.772206157202355,0.0370499708627392,2
17.264646317143125,0.037214370748245074,2
17.757225782221838,0.034462103174718095,2
18.248311920676997,0.03462086018623722,2
18.738809720149256,0.03231805259420639,2
19.23202864338846,0.0320909336874422,2
19.72583039628093,0.030241464974579912,2
20.213536160092335,0.02988076124935901,2
20.709619534615214,0.027902930402859738,2
21.206655626146187,0.028165820227400218,2
21.698473727755083,0.02538204567551361,2
22.19183612316886,0.025841613625573245,2
22.682580297576244,0.024000270562851256,2
23.1760684697865,0.024304078014125707,2
23.669510234505502,0.022164867870060334,2
24.162083491685614,0.02256183119291677,2
24.65000493000075,0.02038095238097526,2
25.142572587567685,0.02059089446595408,2
25.633557751578916,0.018883615288473266,2
26.122302517297403,0.01898471685976233,2
26.616671986665757,0.01723809523812747,2
27.110080046865534,0.0173657160626135,2
27.599224259999847,0.015500186011962569,2
28.09445004444297,0.01600793650794685,2
28.58942877692271,0.014027701465124665,2
29.075005800000802,0.014720238095293325,2
29.56582222653138,0.012629798348086752,2
30.055005999999764,0.013076785714389416,2
30.558756089999164,0.011586011904796578,2
31.05929190428512,0.012228656462667686,2
31.525006289999965,0.01012499999998795,2
32.01429210428477,0.010826530612263241,2
32.52072077571312,0.009071513605505288,2
33.00313158000068,0.009572916666542142,2
33.53587623521508,0.008450439958537004,2
33.985006770002876,0.008217261904945872,2
34.533340203331896,0.0073095238094254,2
0.5182755980694151,0.11944748089040402,3
1.0112188888154894,0.11547739044364924,3
1.505787899498811,0.10999540430730637,3
1.9983970745843245,0.10690991545073825,3
2.492500500000002,0.10172619047617815,3
2.9864888506527434,0.09828534906128183,3
3.4788363164383656,0.09330235649053265,3
3.97312218728326,0.09009510046791647,3
4.467411614285672,0.08641358418366707,3
4.9591782151899215,0.0832695901144973,3
5.451589728762605,0.07928930761266173,3
5.945034302582829,0.07727357300534266,3
6.437887887938153,0.07363190353459714,3
6.930517404234867,0.07188892772408906,3
7.423877894494209,0.06786767656498682,3
7.916930723858408,0.06598950131225934,3
8.407637673263658,0.06256636033073448,3
8.900001779999974,0.06152380952383396,3
9.390734628620702,0.05859487889988202,3
9.883785753783807,0.05692084942080555,3
10.376888862452878,0.054110736747560395,3
10.868480430869585,0.052907996894319353,3
11.360398309604065,0.05072300801512597,3
11.851168173108862,0.049191725265274044,3
12.342215574754048,0.04655283957822576,3
12.835002560000005,0.04562142857139406,3
13.326447746705211,0.043528506055452,3
13.819788036073676,0.0422086072159118,3
14.312344632152016,0.04006698312250023,3
14.804357798709603,0.039680664362492735,3
15.296235926712335,0.037438437703741556,3
15.787240912237689,0.03675376706635802,3
16.278600372302304,0.0347317788625503,3
16.768612372556426,0.03398122538484927,3
17.260881312595032,0.03202619501996651,3
17.754691049999924,0.03168005952397834,3
18.24138295034471,0.029755336617313333,3
18.736508164778698,0.029383717867801806,3
19.229590995963232,0.027644850371444818,3
19.725003940000114,0.02743749999967804,3
20.218207923495214,0.025781582292950134,3
20.708827669412,0.02546638655482525,3
21.202276967272667,0.02400243506488664,3
21.68989794702101,0.02361714792289149,3
22.18362511965505,0.021754002463097777,3
22.675004530000354,0.02124999999995225,3
23.162809508048994,0.020254500580705326,3
23.65549253487831,0.02034509291522113,3
24.148653468648458,0.01878635778641069,3
24.639067409998873,0.018179315476146485,3
25.132382059180024,0.016590212724594267,3
25.62763668894766,0.016778665413568206,3
26.119449654444928,0.014954365079404397,3
26.608641673636512,0.015376677489228996,3
27.10692029361781,0.013653558763905949,3
27.62230278729266,0.014135215572537163,3
28.096255589999263,0.012264583333291057,3
28.6064342614278,0.013316411564574082,3
29.072374211050732,0.011233395989933115,3
29.58125588999769,0.011577380952275007,3
30.091672646672816,0.010580357143027186,3
30.6425060700008,0.012243452380999997,3
31.21429188428811,0.012370748299474599,3
31.56818808818778,0.00989177489185522,3
32.06000636999641,0.008295238095115565,3
32.95357788852041,0.016857568026132697,3
33.22000655999918,0.010590476190479592,3
33.67500666001714,0.009601190476551835,3
34.1450067600136,0.007858333333480516,3
34.46324215411536,0.0051094187674465275,3
0.5121402251631486,0.13607993442098565,4
1.0048176542190663,0.13169734014295242,4
1.498790622580654,0.12633678955452954,4
1.9933827529411783,0.1213373599439791,4
2.487115037444936,0.11569228550449395,4
2.9807345449541316,0.11167540410659882,4
3.4757201244604428,0.10659924203495663,4
3.968240595918391,0.10212102162290293,4
4.461596074262689,0.09752451966039644,4
4.954746042492965,0.09396641879128254,4
5.447728362727343,0.0907232142856671,4
5.940653363913092,0.08728641304344364,4
6.433460504501521,0.08319314666944422,4
6.92709142215433,0.0804439691470833,4
7.419353649468258,0.07682250632817045,4
7.912239352237912,0.07441824841818345,4
8.403997972527938,0.07037760001760773,4
8.895622217956173,0.06878693083071141,4
9.388708443706681,0.0657763490531238,4
9.879821257108356,0.06391146729774277,4
10.373736257215224,0.0606357368896937,4
10.864335513333431,0.059362976190442396,4
11.358182003502206,0.05642628099624858,4
11.848274259400975,0.0554792763880414,4
12.340096809622555,0.05262286612753542,4
12.831063176060589,0.05133820346321727,4
13.324169336666388,0.04842916666663655,4
13.815836103333382,0.04771488095246923,4
14.30994605181772,0.045582859848479984,4
14.801473558235557,0.04443032212876119,4
15.293826589411692,0.042554691876659945,4
15.785562166211088,0.041397977669419106,4
16.2779444364709,0.03921165966400508,4
16.76948611862024,0.038119232348265086,4
17.261432031428846,0.03637278911566,4
17.750003559999584,0.03535714285726499,4
18.247184101128134,0.03376693967069855,4
18.737690317164187,0.033477700781901376,4
19.22583029628103,0.031241464974584687,4
19.718425002631527,0.030684210526516154,4
20.20613612547235,0.028733265947920472,4
20.70472113113189,0.02865408805024572,4
21.200004239999952,0.02728571428568216,4
21.692331062672988,0.026671175153012427,4
22.18634463618543,0.024943329651307522,4
22.673024331980535,0.024921528760245337,4
23.165962076808686,0.023161600810709615,4
23.66395821837232,0.02274640088606361,4
24.150321275696008,0.02085718053058372,4
24.657312602306106,0.02094510073251854,4
25.14022240130398,0.01953144409935703,4
25.625005110000266,0.01949404761919027,4
26.118288792089988,0.017678082800188122,4
26.60859906000002,0.017665364583365317,4
27.11827463077022,0.016368360805699922,4
27.666434061421725,0.01804498299291879,4
28.114291304284887,0.015397959183673038,4
28.596596599090375,0.015169101731601131,4
29.072878130423703,0.013474227456924837,4
29.57750588999817,0.013286904761827145,4
30.067313682308917,0.012127060439667048,4
30.59500608000206,0.01271785714283169,4
31.068756180001113,0.011291666666807032,4
31.562937314482994,0.011189757799712652,4
32.06389526889116,0.010310515873044324,4
32.5163857903435,0.009251334154441793,4
33.013895458889614,0.008310515873091617,4
33.605006669996754,0.009787499999958982,4
34.060300877665256,0.008437149860242243,4
34.74167352665658,0.011788690475995622,4
0.4889205545454545,0.13645150162337683,5
0.9831215307240689,0.1301694215357383,5
1.4768407907975547,0.1258203878176989,5
1.9707520339869309,0.1191555205415451,5
2.4643108448275908,0.11549562807880065,5
2.9590101465393834,0.10944767161040048,5
3.451962725316469,0.10600724080771329,5
3.946131011130212,0.10155283286532324,5
4.43928660428569,0.09868664965982532,5
4.932507692412988,0.09330544650836714,5
5.425863158965595,0.09053694581275806,5
5.918114962455144,0.08580756344448304,5
6.411793742830204,0.08349629380047219,5
6.903596707725732,0.07887554745974512,5
7.396263938471855,0.0776390701628884,5
7.889727607397369,0.07333724722758461,5
8.382652925551591,0.0719265484662941,5
8.874433598181772,0.06739326298702508,5
9.367263784762075,0.06614328231292177,5
9.859428209508097,0.06253181108506567,5
10.350976105974079,0.06164390074206949,5
10.842950887948806,0.0583411172160595,5
11.335684088181935,0.05711953463196551,5
11.827536932212025,0.0541405667105721,5
12.319930006231777,0.05346286231895192,5
12.808848723846136,0.05028695054960508,5
13.30257023756721,0.049791521879143374,5
13.793686970526343,0.04679799498737225,5
14.28736241056197,0.04618305243457144,5
14.780494289479709,0.04326591315705741,5
15.271767765882226,0.04316918767509037,5
15.76421884627436,0.03979009103647968,5
16.25400326000041,0.03994000000005826,5
16.745133220129954,0.03749358379701562,5
17.239897067020607,0.03721143617039502,5
17.732695857692168,0.034870650183307816,5
18.223499890601904,0.03506393215178605,5
18.714477434210632,0.03241838972445521,5
19.203452125862082,0.03214942528737197,5
19.69566509702488,0.029915609011908373,5
20.187166202162096,0.02994425675657908,5
20.680409545405777,0.027917229729837345,5
21.175947636226457,0.02805402066496754,5
21.668303309072048,0.025797527000520404,5
22.161706567660485,0.025704154001971347,5
22.65372794425608,0.02400620567362921,5
23.14511332565262,0.024248576604577465,5
23.636051241628255,0.021746400885859885,5
24.126270652784,0.022116674201555497,5
24.614478614211666,0.02007581453608509,5
25.1074374624324,0.020590894465755127,5
25.60000511999931,0.018809523809579787,5
26.091202393098552,0.019097627431193587,5
26.581159156154165,0.016824221611813073,5
27.073512872686184,0.017366782160621597,5
27.565914600908794,0.015508116883239609,5
28.057263674516317,0.015967933947820256,5
28.549044161538323,0.013643086080605826,5
29.047346215530364,0.014215868794053677,5
29.545460435453567,0.012432900432742144,5
30.03182417181887,0.013069264069315523,5
30.50870174217359,0.011087991718511603,5
31.006713507072863,0.012008783391365796,5
31.490006279999747,0.009876190476120428,5
31.986848485264026,0.010888471178134296,5
32.47500647999943,0.008529761904753741,5
32.956256580000236,0.00929166666659853,5
33.45500668000004,0.007717857142864659,5
33.95278454777876,0.008215277777935626,5
34.5073598011718,0.007147233893491034,5
0.46061786061776033,0.13492094134951294,6
0.9529290702928843,0.12794809723052336,6
1.4476996765030783,0.12472661042945177,6
1.9424054532911401,0.11870162748642699,6
2.4361363474610274,0.11479192517764858,6
2.9303744217757095,0.10902314196707508,6
3.4229122379115453,0.10580309611558647,6
3.917475279795906,0.10021285835761518,6
4.408699520136955,0.09734580071754095,6
4.903046315779171,0.09237273202480623,6
5.3949731470391775,0.09080500133015335,6
5.887575144497098,0.08562947309101077,6
6.381251280000062,0.0838824404762164,6
6.874362402364256,0.07931310855016704,6
7.366238593402208,0.07729390648006529,6
7.857797278924902,0.07308074116727425,6
8.351209858438672,0.071716155514153,6
8.843774333176853,0.0680987729929825,6
9.33534669758634,0.06655264778338221,6
9.82756102511828,0.0631329208848257,6
10.3205716902534,0.061691794755859064,6
10.812006575286512,0.058370057163699585,6
11.304725772304286,0.057737340904139955,6
11.796920168219158,0.054295621330794575,6
12.286767165882331,0.05331302520983172,6
12.778079483076631,0.05016057692316167,6
13.271581607368313,0.0494927318294458,6
13.76473248972973,0.046762564350018465,6
14.255360002857385,0.04559438775521585,6
14.747355891176664,0.042672338935403786,6
15.23849998251538,0.04300746786444165,6
15.731015808227625,0.04008077154915668,6
16.224690750000125,0.04010721726189104,6
16.71404444589056,0.03699421069785558,6
17.20752093251638,0.03703848235102214,6
17.696789254285783,0.03438784013619056,6
18.189448084444532,0.03435734126992429,6
18.680266897894626,0.03200861528836185,6
19.168906279024856,0.032137848431943894,6
19.663433692066164,0.02981820641460331,6
20.15096557846135,0.02928617216102225,6
20.646124819655224,0.027960693760292088,6
21.14122044621611,0.027897924710487132,6
21.635581253077497,0.02534111721590193,6
22.126068259787044,0.02530407801407364,6
22.61951002450559,0.023164867870292483,6
23.112083281686278,0.023561831193205762,6
23.60000472000034,0.02099999999975921,6
24.094625063164322,0.021653744725654178,6
24.58799192298676,0.019624342918916682,6
25.073739187215242,0.020116674201318574,6
25.570275380270086,0.0180971685973077,6
26.06162492830938,0.01856945841717561,6
26.5500053000001,0.01635714285706058,6
27.05385154384574,0.016717948717996478,6
27.527424844837395,0.014864823348517575,6
28.03077482076886,0.0156630036630645,6
28.525005689999773,0.013211309523740056,6
29.009048343190656,0.013732586119346024,6
29.50544067260844,0.012149327122074283,6
29.99886961636566,0.012714556277188649,6
30.49000608000038,0.010876190476182046,6
30.97875618000048,0.011514583333365636,6
31.470720565714167,0.009071513605448445,6
31.95357780857171,0.009859268707685942,6
32.46121336655282,0.008231629720853562,6
32.95900655999989,0.009200119047591215,6
33.450006660003254,0.007119047619255525,6
33.972065583540235,0.00820605742305247,6
34.44250685999684,0.006029166666607466,6
34.965006960002206,0.007087499999983038,6
0.5338462638461546,0.1355509157509157,7
1.0274852994632202,0.12930943505632797,7
1.5219731701252657,0.1251726873943717,7
2.0168685418681376,0.11833077577184348,7
2.510011951647595,0.11499428598670924,7
3.0030345905825255,0.10880377369394623,7
3.4960151927536334,0.10617417184267097,7
3.9901859851852044,0.10090006613755165,7
4.4835087534031075,0.09768524058838324,7
4.976767304347881,0.09275546713249838,7
5.469828686206958,0.09008004926109692,7
5.962273927272736,0.08552240259739818,7
6.453126300000032,0.08322842261905805,7
6.9466995032075465,0.07944508086254132,7
7.440197568431237,0.07785434173673877,7
7.932614046747525,0.07332082097542525,7
8.425179625943109,0.07206254236560028,7
8.917615426363703,0.06774715909095619,7
9.408736829759086,0.06659046901880572,7
9.900001979999942,0.06299999999987449,7
10.391457766202532,0.061653820072365306,7
10.885668836666637,0.0583629761904092,7
11.376353621351448,0.057448359073447364,7
11.86832034235029,0.053965780667141416,7
12.360098623846099,0.05329143772902967,7
12.851814164202887,0.05057466356117857,7
13.34581347081086,0.04965831724572922,7
13.835529075789545,0.04690382205515675,7
14.326669526666747,0.04632380952392623,7
14.819511630520147,0.04326591315714268,7
15.312212362325566,0.043455426356700855,7
15.8041957065838,0.040251571280634835,7
16.296003250000147,0.03993999999983089,7
16.78674831644294,0.03748180329168349,7
17.28152518913035,0.037224378882001474,7
17.773604948601374,0.03504597485854788,7
18.265221041304574,0.03486645962746593,7
18.75795829545447,0.03261120129866413,7
19.24453508999978,0.03287537202371027,7
19.73970982235308,0.030131477590941813,7
20.228452315862175,0.030399425287157555,7
20.720693795172583,0.02804597701157263,7
21.215829928073283,0.028177615771056708,7
21.708172656831696,0.025841613625715354,7
22.202277167273145,0.026002435065095142,7
22.694685381064286,0.024084093211740765,7
23.188740893736128,0.024412120617540722,7
23.67781371876419,0.022280129748310173,7
24.1725951914455,0.022439794894211218,7
24.65776355069031,0.02045350985196137,7
25.152853131266042,0.020907813441652934,7
25.645784340779322,0.019006532158329037,7
26.140222611304193,0.019245729813661683,7
26.627179233042884,0.01724262422365541,7
27.121274076716368,0.017477656360824767,7
27.609380520000595,0.015788690476455258,7
28.103467158461918,0.01638466117231019,7
28.591954862542337,0.014161067393189342,7
29.0792430981355,0.01490683010479188,7
29.583005910000004,0.012640238095144696,7
30.0675592014899,0.0131641970617693,7
30.557659171224707,0.011489856656993425,7
31.051142563636727,0.012214556277058364,7
31.546434861428857,0.00978784013594236,7
32.03290112684101,0.010910087719139483,7
32.52500648999878,0.009038690476245392,7
33.006256590000966,0.009291666666570109,7
33.50000668000074,0.007714285714371272,7
33.992314472310845,0.008293040293096965,7
34.48611799111091,0.006810515873155509,7
0.42859177241965984,0.13591642474570115,8
0.9221345773517784,0.13139478637304713,8
1.4160232545094036,0.12515702977433296,8
1.9105092395575245,0.12016627159712989,8
2.404863190228837,0.11476349160945887,8
2.8979268472811017,0.11124698266402433,8
3.3913050278260757,0.10614906832297422,8
3.8853757799999724,0.10302645833333557,8
4.379264445891491,0.09822099944625506,8
4.872784913518062,0.09417808501520142,8
5.36626182498575,0.09008228441807375,8
5.8583345133333955,0.08718154761904628,8
6.352058242025395,0.0830777953586761,8
6.845254534556967,0.08079581072927056,8
7.336795489933594,0.07686901795601386,8
7.830238056486516,0.0750743645431271,8
8.323044374626363,0.07135334053556619,8
8.815342679090863,0.06908157467540832,8
9.308270352490458,0.06594081202528912,8
9.800001960000017,0.06433333333330893,8
10.29062705,0.0610290178570807,8
10.781683184482745,0.05987074096884726,8
11.275002249999957,0.057107142857148574,8
11.76621856621622,0.05584942084922773,8
12.258573878571445,0.05278775510194578,8
12.750745124257547,0.05147672088634181,8
13.244213166315836,0.04953032581448724,8
13.73527301027037,0.04804827863591754,8
14.226642184262264,0.04561841334898986,8
14.717502940000134,0.04497678571436836,8
15.211230584909968,0.04233834117476931,8
15.7023037534966,0.04176601300039806,8
16.19210000419356,0.039688959293556536,8
16.685476302972905,0.03864872908638972,8
17.175003430000192,0.03656249999980332,8
17.669684381064005,0.0364029255317746,8
18.15857505857188,0.03442993197262467,8
18.651175604999867,0.0336675037202383,8
19.139289534285634,0.03178316326554409,8
19.63214677714282,0.03161989795910358,8
20.12332334773106,0.029546243497406977,8
20.618425172631643,0.029184210526352672,8
21.10771450037382,0.027411242767755084,8
21.602188786019163,0.027335673832624252,8
22.095622966701068,0.02529458149226116,8
22.59274644548401,0.025237615207345243,8
23.080499115494618,0.02316486787026406,8
23.571072125730755,0.023283340021379217,8
24.063958298372285,0.02174640088560409,8
24.554416674706243,0.021626925770306116,8
25.050680675675654,0.01971444658951782,8
25.547393149702625,0.02007360518851442,8
26.03152692913063,0.018183618012500347,8
26.520459835453657,0.018131493506388097,8
27.025005389999706,0.016526785714376047,8
27.50720887982987,0.01658600686033651,8
28.01400557999973,0.015332380952486346,8
28.502556700404455,0.015215804178637882,8
28.989428856923293,0.014027701465266773,8
29.481128328979278,0.014154579688920421,8
29.97500598000095,0.012124999999997499,8
30.45904863319147,0.012732586119568623,8
30.95500617000052,0.011290476190623622,8
31.538642623633546,0.012870670995525302,8
31.962937394485902,0.01018975779976472,8
32.4450064599979,0.010146428571488286,8
32.92155828413767,0.008564142036163958,8
33.467506649998036,0.009743452380803319,8
33.9691243870396,0.00867244397711886,8
34.63500684000991,0.012058333333534677,8
35.4950069399947,0.01714345238088555,8
0.5044286814285722,0.13904903061224477,9
0.9977613940298494,0.13567945984363794,9
1.4926184102362297,0.12917943850768854,9
1.9867287950617305,0.12455048500881638,9
2.4810902435897475,0.11865407509156789,9
2.9751142363636394,0.1143928841991304,9
3.4685721285714415,0.10883265306123846,9
3.962215989873444,0.10520922995779003,9
4.455790373684163,0.10006065162907163,9
4.949026964026084,0.0974779298083348,9
5.441033698695726,0.09280758281568069,9
5.935429761428623,0.08959197278910835,9
6.428126290000012,0.08562276785711731,9
6.92055353723925,0.08315571136424182,9
7.412376905282195,0.0787909448663271,9
7.904586365086667,0.0766003563189912,9
8.397744154916367,0.07395963728286858,9
8.89019612628972,0.07132005090019788,9
9.383031077080426,0.06813768682654597,9
9.874406741904679,0.06564328231296201,9
10.36629762655875,0.06309804559477072,9
10.858976538974467,0.06116117216120642,9
11.350677955675582,0.05828619691124004,9
11.842569937567616,0.056772683397667834,9
12.335961374109502,0.054491316046977545,9
12.82714542714284,0.05323673469399637,9
13.319252669999702,0.05071005952379437,9
13.814476454210567,0.048903822055081037,9
14.305339948651195,0.046595572498631554,9
14.79500295999993,0.04559285714287853,9
15.287283761754296,0.04341744987459606,9
15.78021788392627,0.0422086072159118,9
16.271454872903565,0.039982507680463186,9
16.764530387026557,0.03964872908647976,9
17.25798218340452,0.037185600303899946,9
17.75266313446768,0.03650474924037894,9
18.243481910869885,0.034742236024811746,9
18.73454573473284,0.033958583242508666,9
19.225003850000025,0.032374999999916554,9
19.717686876829223,0.03204028745679466,9
20.209917843104076,0.02984000410515364,9
20.700004140000267,0.03019047619048365,9
21.19387215452854,0.02773326594794412,9
21.6860620223075,0.02773912545762869,9
22.178964826039493,0.025927186468692298,9
22.67394070021311,0.02530407801427259,9
23.167428872424406,0.024285984848717135,9
23.65907066406617,0.02365466378853398,9
24.150866888965314,0.02221459359623168,9
24.650357022674747,0.021928613346688053,9
25.139793742393962,0.02024953890014558,9
25.62935293608728,0.01992585403746716,9
26.116671876666995,0.01880952380960821,9
26.615327890645222,0.018355030722062793,9
27.105513874577134,0.016794239305852443,9
27.64808241307015,0.018000686812882805,9
28.0923525287748,0.015346999514036952,9
28.614291404285023,0.016397959183677813,9
29.079551244543353,0.01418290043267234,9
29.556920783615755,0.01365355876376384,9
30.0821488371484,0.012767431972889653,9
30.595006080002072,0.013717857142864887,9
31.050006180001066,0.01126190476196598,9
31.56210305419379,0.012212077572854696,9
32.03707534551917,0.010118329228390621,9
32.53056203555404,0.01004861111118771,9
33.03300657000108,0.009034404761933956,9
33.50900666999749,0.009200119047562794,9
34.03750677000428,0.008443452381087013,9
34.50000686999916,0.008119047619032926,9
0.5430298497769525,0.137457802265888,10
1.037330307087378,0.13120319579287987,10
1.5306011246639564,0.1271179868586927,10
2.025000410000006,0.12054464285714062,10
2.5189602415436223,0.11676516059443998,10
3.0126783351184847,0.11032298013993369,10
3.505970859253752,0.10699680170573345,10
3.9996295128713037,0.10209550330032613,10
4.492633141813572,0.09943595567951746,10
4.986217216216273,0.09366808236805468,10
5.479355032584327,0.0916749933119334,10
5.971794202915462,0.08691858427042831,10
6.464010587925724,0.08437329537080984,10
6.956105078929778,0.07969590101930635,10
7.44879570221853,0.07866881985911789,10
7.942066436416488,0.07418309158130398,10
8.43469027131492,0.07308453822696492,10
8.926687183258483,0.06854825441415358,10
9.421024617272773,0.06762702922065955,10
9.91265381186249,0.06340255687288732,10
10.40308719638308,0.06251065096252262,10
10.896252180000078,0.059158928571378055,10
11.388263149565118,0.0582461697722465,10
11.881083461081223,0.05509266409259794,10
12.371877479999648,0.053973958333358496,10
12.863835067309612,0.05060806441872501,10
13.354841389677473,0.050235023041523164,10
13.850002770000058,0.04742857142872481,10
14.340196230165795,0.04672574651419836,10
14.831650358843838,0.04377747385072439,10
15.323826589411771,0.04398326330519353,10
15.816349313846143,0.04034134615392304,10
16.3065657600002,0.04065186011911237,10
16.79726362397256,0.037648075668499814,10
17.288290163286728,0.03766485597736846,10
17.77780075279718,0.035335685148197626,10
18.270748330851262,0.035288943769074876,10
18.76231718283573,0.0324777007818966,10
19.253575278571486,0.03286479591849911,10
19.744751839159797,0.030229916966618475,10
20.234917833103587,0.030482861247861592,10
20.726355491351484,0.02808132239385941,10
21.22133451522923,0.028426632809214425,10
21.71442741692312,0.026341117216219345,10
22.205773670769595,0.026254578754475233,10
22.701409024382478,0.024072264579842795,10
23.199379620000293,0.02414300595239638,10
23.68415106146262,0.021955284552717558,10
24.179058874053762,0.02201174388670779,10
24.662041957036745,0.020198743386117712,10
25.1527827977778,0.02078869047628018,10
25.661295432581216,0.01875192012289517,10
26.146779403548944,0.019003072196596804,10
26.62500530999999,0.016985119047660646,10
27.13056096555518,0.017240079365052452,10
27.60625550999987,0.015726190476385682,10
28.122877940423137,0.016331370314020432,10
28.649291404284817,0.0150000850338472,10
29.12635714134805,0.015241393178655471,10
29.590390505382473,0.012231456043792832,10
30.08581680081271,0.01315452059219524,10
30.57955154454441,0.011208603896136538,10
31.093971697242562,0.012719314449981312,10
31.586117391110886,0.0104533730157641,10
32.03707534551917,0.010118329228390621,10
32.52000647999853,0.008200000000101682,10
33.01121347655232,0.00923162972074465,10
33.53409757908753,0.007455086579938097,10
34.43214961721547,0.016082057824597484,10
34.88214970709115,0.01308205782209626,10
0.6501535142331285,0.13235719763365483,11
1.1449607043083005,0.127442146621493,11
1.6386649262732944,0.12329553016858785,11
2.1331703646405256,0.11704767740427968,11
2.6270838633333278,0.11279464285713381,11
3.1217632199280674,0.10701188335047362,11
3.614031342244885,0.10365318270166313,11
4.108200829999984,0.09854864285717113,11
4.601447210991775,0.0957893299881718,11
5.0941676866667,0.0914869047619078,11
5.587465709235211,0.08893080567921885,11
6.0799561749550195,0.084065717503222,11
6.573249727643374,0.08202244464662556,11
7.065636871504938,0.07763378921806918,11
7.55756379757999,0.07593366590405992,11
8.050282518876356,0.0711429574638629,11
8.543082890811862,0.07039510850465547,11
9.036467975413423,0.06661296097387037,11
9.528698408054646,0.06550779368157578,11
10.021763143603197,0.06184269568142042,11
10.514745699743614,0.06081364468860784,11
11.00472571230429,0.05673734090400728,11
11.496920108219147,0.05629562133069044,11
11.989188446511564,0.05307210686615349,11
12.481160135468116,0.052581295449215304,11
12.97369369947656,0.049010486786301044,11
13.467164862162187,0.04861661840422471,11
13.956216672832866,0.045531809110741506,11
14.447446071818051,0.04524357413413327,11
14.941002989999879,0.04268654761906987,11
15.43303880428554,0.042230229591808666,11
15.923420911519369,0.03934116937887211,11
16.418140544901956,0.03945395658260509,11
16.911210286551963,0.036515291461370225,11
17.400003479999725,0.03661904761912638,11
17.89229680308259,0.03375190207657397,11
18.382637257786165,0.033759564703728984,11
18.872332014274857,0.0314062386403009,11
19.364028260243867,0.031686628919686655,11
19.853155230504104,0.029243722488871526,11
20.349532361886716,0.029142969451839917,11
20.83647204990837,0.02688076124954364,11
21.331136335471786,0.02725112309073552,11
21.82394053021221,0.024304078014409924,11
22.318943853939434,0.025169101731620458,11
22.809070494066336,0.022654663788358675,11
23.30253274988741,0.023097946762931088,11
23.79462500316443,0.020653744725706247,11
24.28323269810104,0.02132011000600187,11
24.773739127215,0.01911667420151275,11
25.26382083947367,0.019688126566364872,11
25.762318582835476,0.017238850390754124,11
26.24366195641815,0.017798551883458913,11
26.73864170363656,0.01604058441557754,11
27.229242728136054,0.01619254439077622,11
27.71353013016412,0.014386465651512026,11
28.207263704516215,0.015253648233311878,11
28.69904419153855,0.01264308608057263,11
29.181128268980057,0.013154579689086177,11
29.692863062856063,0.011724489795852833,11
30.175006020000165,0.012124999999969077,11
30.65625611999989,0.009936011904585484,11
31.15357764857177,0.010573554421711151,11
31.652784087778695,0.008215277777708252,11
32.12969390999844,0.008920014880800409,11
32.63017892379341,0.007411432676434515,11
33.11466178241481,0.008101087849098576,11
33.60278448777767,0.006215277777585015,11
34.13334013333156,0.007095238095175205,11
34.61324218411721,0.004823704481822233,11
0.43526794714285716,0.14381685799319677,12
0.9296470301486986,0.1373946052398658,12
1.4232355841176567,0.1325968487395004,12
1.9175929825925944,0.1258591269841176,12
2.4125004900000038,0.12148809523809945,12
2.904587745963313,0.11518654434250664,12
3.398138377516919,0.11238826856925499,12
3.892536325023673,0.10663577634846888,12
4.385375880000018,0.10302645833333202,12
4.879079927368481,0.09731582080203083,12
5.373506514782683,0.09489677148032882,12
5.865671733935921,0.08954394870193028,12
6.358842743414705,0.08712209639949009,12
6.851583658481053,0.08300376732967152,12
7.344779951012691,0.08094578812540476,12
7.838236864117675,0.07677310924370317,12
8.331187237010333,0.07506194771720232,12
8.823371335217344,0.07121777950312946,12
9.31622324404597,0.0693282897128853,12
9.808072836141955,0.06565021559806894,12
10.30073428757352,0.06428632446706217,12
10.79241106688253,0.06097253952174242,12
11.285002259999914,0.06029940476190632,12
11.777669026666656,0.0565344047619476,12
12.269653622790685,0.05589536267973472,12
12.761002559999628,0.05225809523815883,12
13.255771890769093,0.05167376373623256,12
13.745771980769115,0.04873090659336299,12
14.237099624193679,0.048433179723616604,12
14.729002950000272,0.044986547619004114,12
15.223248664035134,0.04486857769410335,12
15.712733211349423,0.04198292798716352,12
16.20481094230781,0.04166002747243169,12
16.697118724615276,0.039149038461800956,12
17.1898683048648,0.03883429858439058,12
17.682537786575413,0.03645017938691808,12
18.173916683478403,0.036018633540379597,12
18.6658125635293,0.03380470938407143,12
19.155491644878627,0.03373192508712464,12
19.650003929999464,0.03152380952388967,12
20.136574267933796,0.03153249212925857,12
20.630267277894838,0.028782894736821163,12
21.11974106210525,0.02935432330801291,12
21.613162214736587,0.027236842105423875,12
22.108172736832255,0.026841613625776972,12
22.602277247273005,0.02500243506483457,12
23.094685461063904,0.025084093211631853,12
23.582817210000325,0.023206473214230527,12
24.073940980212836,0.02330407801406409,12
24.567597502592726,0.02069080687829228,12
25.05549281487821,0.02134509291497011,12
25.545375470370566,0.0195082671956186,12
26.037505199999845,0.01948214285724248,12
26.527088633333246,0.017537202380992767,12
27.020275670270365,0.018097168597194013,12
27.51008012686589,0.01608000177677127,12
28.003467138462813,0.01638466117216808,12
28.493554077096718,0.014655145929168611,12
28.98889467888839,0.015103174603012803,12
29.47763746894748,0.01320723684193581,12
29.967559181488802,0.013164197061911409,12
30.45459792673503,0.011623967444108985,12
30.938271486122666,0.012246416423579376,12
31.44423704923077,0.00993475274725597,12
31.925006379999907,0.010687500000045702,12
32.4250064800002,0.008375000000057753,12
32.90643515142821,0.009387840136042769,12
33.400006669999534,0.007499999999936335,12
33.90909766909435,0.00815151515151058,12
34.36900685999944,0.005900119047623775,12
34.869006959999915,0.006900119047543285,12
0.4343407493406597,0.14035184458398736,13
0.9285716185714281,0.13351360544217594,13
1.422795881182374,0.12937761833190464,13
1.916456086202534,0.12296835443037502,13
2.4105709597986613,0.11902354985618757,13
2.9038062106089106,0.112958019683294,13
3.39808652686774,0.10995990083968366,13
3.8919910712621117,0.1046020573277886,13
4.386069582290093,0.10136320883312067,13
4.879079927368479,0.09631582080199763,13
5.373494230685006,0.09360216079579686,13
5.865671733935919,0.08854394870191129,13
6.358842743414709,0.08612209639954216,13
6.851214972233051,0.08150216712895997,13
7.34474669292997,0.07999366848653722,13
7.838788945415312,0.07565639337136076,13
8.32954712454548,0.07390313852809527,13
8.822979711176426,0.06989815301130875,13
9.31410692836593,0.06852919445998396,13
9.8069296808436,0.06477119191045233,13
10.300002059999967,0.06399999999996453,13
10.792623295374431,0.05963028372147505,13
11.282610945652138,0.059116977225698975,13
11.775229622727286,0.05571433982674989,13
12.267691129245312,0.05483967879601437,13
12.758335883333443,0.051639880952478734,13
13.252972947030008,0.05148467703895676,13
13.743719317540203,0.04803515724489671,13
14.235273110270251,0.04776256435005166,13
14.727860082857218,0.04440858843540241,13
15.21951171052009,0.04426591315728956,13
15.714266943680787,0.04106268258843215,13
16.205127463602324,0.04111536897357837,13
16.696236206712218,0.03843843770388844,13
17.186989731370023,0.038189171558940416,13
17.67713118957461,0.03549411094206789,13
18.169289344286017,0.03577176870732046,13
18.662136082941114,0.03314294467793388,13
19.15291080674394,0.033433762458400906,13
19.64329660292671,0.030812064459922794,13
20.133407381344465,0.030727516006550104,13
20.62500412000009,0.02818750000008663,13
21.117206054862372,0.028344064001402103,13
21.60833765333307,0.02646428571418369,13
22.10364519669966,0.026482691863236596,13
22.59286165285726,0.02438095238102278,13
23.088740873736366,0.024412120617540722,13
23.57861295742302,0.02271137088848718,13
24.072595171445858,0.022439794893529097,13
24.562809788048988,0.020254500580477952,13
25.054751845443214,0.020770381253839787,13
25.548653748648864,0.01878635778626858,13
26.040914290908898,0.01895454545467601,13
26.5271792130434,0.017242624223683833,13
27.021274056716504,0.017477656360995297,13
27.50938050000021,0.01578869047600051,13
28.00484430967865,0.0161021505375345,13
28.495005689999925,0.013863690476199508,13
28.98816368473633,0.014395206766806723,13
29.483516528297873,0.012346567882303816,13
29.967559181488802,0.013164197061911409,13
30.458339423333634,0.011157738095278091,13
30.938271486122666,0.012246416423579376,13
31.430688098181818,0.010006764069174778,13
31.925006379999907,0.010687500000045702,13
32.41072076571473,0.008542942176916313,13
32.90643515142821,0.009387840136042769,13
33.400006669999534,0.007499999999936335,13
33.90909766909435,0.00815151515151058,13
34.36900685999944,0.005900119047623775,13
34.869006959999915,0.006900119047543285,13
0.5202891892291229,0.12277256678902831,14
1.0146477870925104,0.11703526851268942,14
1.5077017318009525,0.11311918867072723,14
2.0009263359259317,0.10735879629628631,14
2.494512695121953,0.10472546457606313,14
2.988138355102043,0.09935790208941242,14
3.482507402412879,0.0963054465083637,14
3.9754174666666895,0.09146458333332319,14
4.469348726086917,0.088829270186352,14
4.961223910216768,0.08383658595016641,14
5.4546127504855,0.0818884361997192,14
5.947331287087426,0.07801048890428319,14
6.440720353545157,0.07607502189834747,14
6.932571812535204,0.07207750670688995,14
7.427008789269911,0.07045168578389394,14
7.919424666923212,0.06639565018308247,14
8.411748677951861,0.06516361876066412,14
8.903086896383057,0.061510650962560476,14
9.396282871735636,0.06082546241641751,14
9.888915023478193,0.057087008281527574,14
10.381592989090937,0.05625979437228068,14
10.874026570243993,0.05256342915207313,14
11.365208465566912,0.05221361070209696,14
11.858596130000212,0.04899609375002001,14
12.350002469999932,0.049285714285730364,14
12.841294694831506,0.04549284376679452,14
13.330684478181837,0.04502705627689352,14
13.822979638612777,0.04253015758325773,14
14.314266663681089,0.042062682588408506,14
14.806821141818103,0.039607954545459734,14
15.298961383333344,0.03907217261908613,14
15.788796253448208,0.03651529146139865,14
16.280438032608846,0.03632298136636791,14
16.770748030851088,0.03428894376892799,14
17.265461465266853,0.03395858324256551,14
17.756301259923585,0.03183426481280094,14
18.246012043361212,0.03143760003985108,14
18.73851725351345,0.028784025096598498,14
19.227706542702634,0.02926278957531281,14
19.71959853459471,0.02720294401518686,14
20.209959792212416,0.02757714391057675,14
20.70227686727298,0.02500243506494826,14
21.19468508106406,0.025084093211631853,14
21.68281682999987,0.023206473214202106,14
22.17965559279057,0.023026716500481825,14
22.667861672857455,0.020984693877636573,14
23.155492434878365,0.021345092915368014,14
23.644647577142603,0.019797193877337804,14
24.133557451578817,0.019883615288392775,14
24.625004919999625,0.017499999999870397,14
25.118186838182233,0.01767532467545152,14
25.606255119999428,0.016156250000079808,14
26.094536459999976,0.016509114583357132,14
26.58816320473709,0.01439520676709094,14
27.075005409999612,0.014874999999960892,14
27.56389439888857,0.012763888888940755,14
28.051601354681015,0.01309580800412391,14
28.537505699999926,0.011538690476157853,14
29.030324948935956,0.01215811803450606,14
29.521434471428222,0.009948979591911211,14
30.009621384614555,0.010588598901051682,14
30.506434671428224,0.008387840136236946,14
30.9875061899999,0.009166666666686751,14
31.475006289999325,0.007375000000052978,14
31.960720675715375,0.008257227891050434,14
32.46500649000051,0.0060744047619039065,14
32.93879968344822,0.00673162972069008,14
33.42935450608629,0.004618141822035682,14
33.92500677999967,0.005187500000033651,14
34.41364324363697,0.003924242424318436,14
0.483091009090909,0.14093930735930738,15
0.9773586905660359,0.13624618149146528,15
1.4715934863727549,0.12967936468174113,15
1.9661646411642446,0.12495560464310351,15
2.4599228946784977,0.11849715579135278,15
2.9528829529411813,0.11430252801119778,15
3.4472229122222187,0.10958730158730035,15
3.9408544485365766,0.10568713704994082,15
4.43431211448977,0.10069755223511834,15
4.927381942381073,0.09763520408163373,15
5.421695304876112,0.09295639020064783,15
5.9134851550146355,0.08979696827709915,15
6.406723344380682,0.0857140789094899,15
6.8988684494864385,0.08376392785210385,15
7.392881226835544,0.0798381931886496,15
7.885202248896436,0.07697850971480591,15
8.377848655088961,0.07303763133359098,15
8.870773838823478,0.07120172443970318,15
9.364475564210705,0.06797963659145978,15
9.85692969084327,0.06577119191049974,15
10.348542926031271,0.06295498656663767,15
10.841252170000091,0.06123035714273328,15
11.33249125678426,0.0581409822739829,15
11.825883427268765,0.05729548195932921,15
12.317145327142747,0.0537938775511293,15
12.808752569999971,0.052430059523743466,15
13.30105530157858,0.04992957393477582,15
13.793396542383453,0.04908772822608398,15
14.285002860000176,0.046864880952483645,15
14.77702608138722,0.04553015758310153,15
15.271767765882226,0.04316918767509037,15
15.76181297595077,0.04217968521771809,15
16.25164799684253,0.03978767230591984,15
16.743440850000088,0.039651860118908644,15
17.237674682876012,0.03720091324208852,15
17.72879665344813,0.03678672003300676,15
18.22022423823572,0.03447907913167114,15
18.71049993320623,0.03392586786628726,15
19.200613606097573,0.03214307491288082,15
19.692077110731795,0.0316082317072528,15
20.18602098915248,0.02972891444716197,15
20.675004140000404,0.029187500000148248,15
21.168872164528366,0.02725112309073552,15
21.660298457646928,0.027051470588389748,15
22.150004429999825,0.02523809523799514,15
22.64466744134841,0.024940643392056927,15
23.138740883736496,0.02341212061756437,15
23.627813708764034,0.023280129748286527,15
24.117050274545377,0.021597943723151047,15
24.605492724877656,0.021345092915225905,15
25.100680685675556,0.019714446589546242,15
25.590222491305024,0.01953144409935703,15
26.079353026086405,0.01792585403728708,15
26.572585945161464,0.01765053763455171,15
27.06737828135641,0.016084796206655483,15
27.57287783042249,0.01633137031382148,15
28.116182050587753,0.01632808123247287,15
28.576357031344035,0.015241393178655471,15
29.046255780000404,0.013264583333409519,15
29.525005879999718,0.013124999999973852,15
30.00875598000227,0.011586011904910265,15
30.538799173448734,0.012588772577942109,15
31.04167283666787,0.011580357142960906,15
31.487075235520248,0.010118329228305356,15
32.00000636999753,0.009142857142819594,15
32.492397764344354,0.009577769151007942,15
33.01912419705518,0.008672443977488342,15
33.550006649995744,0.009523809523642512,15
34.005006749990955,0.007787499999892589,15
34.560006840008924,0.008219047619206776,15
35.34500693999075,0.011000595237995014,15
