time,position,velocity,acceleration
0,0.3484,-0.172814815,-2.928
0.05,0.343133333,-0.289185185,-3.812895062
0.1,0.328733333,-0.493511111,-5.05191358
0.15,0.299266667,-0.798592593,-6.127197531
0.2,0.2504,-1.15537037,-6.190773663
0.25,0.182133333,-1.473740741,-4.937658436
0.3,0.098933333,-1.69137037,-2.632592593
0.35,0.007066667,-1.762666667,0.319567901
0.4,-0.0842,-1.665074074,3.430082305
0.45,-0.1658,-1.407814815,6.264218107
0.5,-0.2304,-1.014592593,8.497242798
0.55,-0.2712,-0.523592593,9.87090535
0.6,-0.284533333,0.012666667,10.24440329
0.65,-0.2696,0.541148148,9.603251029
0.7,-0.228066667,1.010333333,8.021296296
0.75,-0.1644,1.374666667,5.655144033
0.8,-0.084933333,1.597481481,2.748004115
0.85,0.0018,1.65862963,-0.394403292
0.9,0.087466667,1.555148148,-3.465
0.95,0.163466667,1.297444444,-6.163395062
1,0.222266667,0.913074074,-8.215020576
1.05,0.258266667,0.441555556,-9.409300412
1.1,0.267866667,-0.066740741,-9.636337449
1.15,0.250933333,-0.559740741,-8.914876543
1.2,0.209466667,-0.991703704,-7.344032922
1.25,0.147733333,-1.321962963,-5.074444444
1.3,0.071933333,-1.518481481,-2.322407407
1.35,-0.0102,-1.562481481,0.638847737
1.4,-0.090466667,-1.451518519,3.520288066
1.45,-0.161133333,-1.195962963,6.032983539
1.5,-0.2148,-0.822444444,7.905720165
1.55,-0.2464,-0.372222222,8.954176955
1.6,-0.2532,0.108444444,9.106213992
1.65,-0.235,0.574259259,8.35526749
1.7,-0.193266667,0.977333333,6.773539095
1.75,-0.133133333,1.277555556,4.539465021
1.8,-0.060333333,1.447703704,1.88718107
1.85,0.0174,1.472703704,-0.925514403
1.9,0.0928,1.350814815,-3.625041152
1.95,0.157866667,1.094407407,-5.931790123
2,0.2064,0.732851852,-7.618436214
2.05,0.233933333,0.301703704,-8.527386831
2.1,0.2376,-0.154851852,-8.563641975
2.15,0.217533333,-0.589148148,-7.739506173
2.2,0.176066667,-0.958481481,-6.166028807
2.25,0.117733333,-1.228481481,-4.014526749
2.3,0.048333333,-1.375037037,-1.486687243
2.35,-0.025333333,-1.382592593,1.172160494
2.4,-0.095466667,-1.251666667,3.681872428
2.45,-0.155333333,-0.99862963,5.798209877
2.5,-0.1992,-0.648481481,7.323333333
2.55,-0.222666667,-0.236444444,8.099670782
2.6,-0.2236,0.19462963,8.048909465
2.65,-0.2022,0.600851852,7.188148148
2.7,-0.160866667,0.941296296,5.625432099
2.75,-0.1042,1.184407407,3.530164609
2.8,-0.037666667,1.30762963,1.103312757
2.85,0.031866667,1.298333333,-1.411522634
2.9,0.097333333,1.159481481,-3.754444444
2.95,0.152333333,0.906925926,-5.697942387
3,0.191533333,0.566333333,-7.054197531
3.05,0.211066667,0.172962963,-7.692530864
3.1,0.2094,-0.234222222,-7.548621399
3.15,0.186466667,-0.612444444,-6.643374486
3.2,0.145466667,-0.923962963,-5.095473251
3.25,0.090333333,-1.141037037,-3.065802469
3.3,0.026733333,-1.242074074,-0.749053498
3.35,-0.038866667,-1.218,1.620205761
3.4,-0.099866667,-1.073,3.809465021
3.45,-0.150466667,-0.820962963,5.594444444
3.5,-0.185133333,-0.489481481,6.784855967
3.55,-0.201066667,-0.115111111,7.286934156
3.6,-0.197,0.267592593,7.069197531
3.65,-0.173133333,0.620296296,6.141790123
3.7,-0.132266667,0.906037037,4.608600823
3.75,-0.0788,1.09837037,2.638559671
3.8,-0.018,1.179296296,0.429320988
3.85,0.0438,1.142592593,-1.808786008
3.9,0.100866667,0.990777778,-3.851584362
3.95,0.1468,0.740851852,-5.481316872
4,0.1778,0.419444444,-6.534506173
4.05,0.1902,0.060740741,-6.919135802
4.1,0.183933333,-0.299518519,-6.619135802
4.15,0.159,-0.62762963,-5.659156379
4.2,0.1184,-0.887555556,-4.144835391
4.25,0.066666667,-1.057259259,-2.243106996
4.3,0.008466667,-1.120703704,-0.124423868
4.35,-0.05,-1.069740741,1.992674897
4.4,-0.102733333,-0.912444444,3.886152263
4.45,-0.144866667,-0.664592593,5.365658436
4.5,-0.171733333,-0.353074074,6.279135802
4.55,-0.181333333,-0.011407407,6.557366255
4.6,-0.1728,0.328148148,6.189423868
4.65,-0.147133333,0.632259259,5.205
4.7,-0.106866667,0.869259259,3.707489712
4.75,-0.0566,1.01637037,1.865823045
4.8,-0.001266667,1.062592593,-0.146255144
4.85,0.053933333,1.001740741,-2.145946502
4.9,0.103066667,0.838185185,-3.903600823
4.95,0.140933333,0.593888889,-5.232736626
5,0.164666667,0.293666667,-6.027366255
5.05,0.171333333,-0.032666667,-6.220329218
5.1,0.161133333,-0.352444444,-5.802057613
5.15,0.134733333,-0.63662963,-4.794526749
5.2,0.094666667,-0.851851852,-3.297325103
5.25,0.045933333,-0.977592593,-1.506193416
5.3,-0.006866667,-1.007037037,0.406152263
5.35,-0.0588,-0.935407407,2.271769547
5.4,-0.104133333,-0.770592593,3.901440329
5.45,-0.138933333,-0.529,5.124300412
5.5,-0.159066667,-0.236444444,5.807325103
5.55,-0.163333333,0.075555556,5.894506173
5.6,-0.151066667,0.376481481,5.392016461
5.65,-0.124,0.635555556,4.364711934
5.7,-0.084933333,0.829518519,2.919958848
5.75,-0.037666667,0.938740741,1.196460905
5.8,0.012733333,0.953148148,-0.629711934
5.85,0.0614,0.872814815,-2.382366255
5.9,0.103466667,0.705666667,-3.895144033
5.95,0.134866667,0.466962963,-4.997983539
6,0.151933333,0.183925926,-5.562057613
6.05,0.153733333,-0.112185185,-5.554320988
6.1,0.140066667,-0.392555556,-5.010123457
6.15,0.112866667,-0.631888889,-3.991522634
6.2,0.074333333,-0.807222222,-2.585390947
6.25,0.028866667,-0.900481481,-0.926872428
6.3,-0.019266667,-0.903925926,0.827592593
6.35,-0.065266667,-0.814444444,2.495308642
6.4,-0.104,-0.642925926,3.882427984
6.45,-0.132,-0.409444444,4.852942387
6.5,-0.146466667,-0.137777778,5.323786008
6.55,-0.1462,0.144444444,5.256666667
6.6,-0.131266667,0.40837037,4.673621399
6.65,-0.103666667,0.629481481,3.641975309
6.7,-0.0658,0.786962963,2.25090535
6.75,-0.021733333,0.863518519,0.63781893
6.8,0.024,0.853222222,-1.0331893
6.85,0.067133333,0.755185185,-2.58
6.9,0.102466667,0.583,-3.831728395
6.95,0.127533333,0.35662963,-4.694197531
7,0.139533333,0.09562963,-5.095967078
7.05,0.137466667,-0.173814815,-4.978127572
7.1,0.121333333,-0.423,-4.346995885
7.15,0.093266667,-0.625555556,-3.287119342
7.2,0.0562,-0.763407407,-1.924711934
7.25,0.013933333,-0.825185185,-0.383765432
7.3,-0.029666667,-0.803407407,1.191687243
7.35,-0.069666667,-0.700407407,2.629938272
7.4,-0.1024,-0.529222222,3.789691358
7.45,-0.124666667,-0.306074074,4.562304527
7.5,-0.134133333,-0.054518519,4.870596708
7.55,-0.130266667,0.200592593,4.685967078
7.6,-0.1132,0.433407407,4.021728395
7.65,-0.085,0.618777778,2.958580247
7.7,-0.048733333,0.73962963,1.627654321
7.75,-0.008133333,0.786925926,0.156995885
7.8,0.033066667,0.755925926,-1.325020576
7.85,0.070466667,0.649481481,-2.676954733
7.9,0.100666667,0.477222222,-3.752160494
7.95,0.120066667,0.257962963,-4.424958848
8,0.127333333,0.016333333,-4.639032922
8.05,0.121666667,-0.224518519,-4.386975309
8.1,0.1038,-0.439,-3.711604938
8.15,0.076066667,-0.609777778,-2.679341564
8.2,0.040333333,-0.718111111,-1.373868313
8.25,0.001266667,-0.752259259,0.06026749
8.3,-0.037866667,-0.711259259,1.475843621
8.35,-0.072733333,-0.59837037,2.731481481
8.4,-0.100066667,-0.426407407,3.695658436
8.45,-0.117,-0.21337037,4.274444444
8.5,-0.122133333,0.018222222,4.41962963
8.55,-0.115066667,0.246481481,4.117674897
8.6,-0.096333333,0.446518519,3.403271605
8.65,-0.068533333,0.599518519,2.365102881
8.7,-0.034,0.692074074,1.101440329
8.75,0.003533333,0.71362963,-0.260349794
8.8,0.0402,0.663962963,-1.576049383
8.85,0.072466667,0.549740741,-2.731358025
8.9,0.0974,0.380222222,-3.614855967
8.95,0.112,0.173185185,-4.122860082
9,0.115333333,-0.04937037,-4.201460905
9.05,0.106733333,-0.264111111,-3.85100823
9.1,0.087733333,-0.449296296,-3.124423868
9.15,0.06,-0.588666667,-2.094197531
9.2,0.0264,-0.666703704,-0.864753086
9.25,-0.009333333,-0.677777778,0.433559671
9.3,-0.044066667,-0.621259259,1.679259259
9.35,-0.073933333,-0.502777778,2.748148148
9.4,-0.096266667,-0.335555556,3.54063786
9.45,-0.108866667,-0.134444444,3.972716049
9.5,-0.1102,0.07862963,3.987242798
9.55,-0.100533333,0.280703704,3.592921811
9.6,-0.080866667,0.451518519,2.850781893
9.65,-0.0536,0.576703704,1.83409465
9.7,-0.0208,0.642259259,0.638168724
9.75,0.013266667,0.642074074,-0.601954733
9.8,0.045866667,0.579222222,-1.771440329
9.85,0.073533333,0.457962963,-2.761790123
9.9,0.093466667,0.291555556,-3.464814815
9.95,0.1038,0.097222222,-3.810596708
10,0.103533333,-0.105407407,-3.761625514
10.05,0.092666667,-0.294037037,-3.335061728
10.1,0.072866667,-0.451185185,-2.592530864
10.15,0.0458,-0.563407407,-1.596625514
10.2,0.0142,-0.617666667,-0.436604938
10.25,-0.018533333,-0.608222222,0.755514403
10.3,-0.049,-0.538444444,1.857777778
10.35,-0.074533333,-0.414814815,2.765884774
10.4,-0.092133333,-0.250037037,3.380390947
10.45,-0.1004,-0.062962963,3.647983539
10.5,-0.098666667,0.129481481,3.546316872
10.55,-0.0868,0.306037037,3.087078189
10.6,-0.066733333,0.449703704,2.333477366
10.65,-0.040066667,0.548333333,1.353641975
10.7,-0.009666667,0.590814815,0.236666667
10.75,0.021466667,0.57262963,-0.894753086
10.8,0.049933333,0.496259259,-1.909320988
10.85,0.072866667,0.373703704,-2.723333333
10.9,0.0888,0.214037037,-3.277777778
10.95,0.0952,0.032222222,-3.492613169
11,0.092,-0.149962963,-3.343436214
11.05,0.079533333,-0.31537037,-2.859115226
11.1,0.059133333,-0.447222222,-2.090781893
11.15,0.032933333,-0.53237037,-1.123477366
11.2,0.003733333,-0.563259259,-0.06
11.25,-0.0256,-0.538296296,1.000864198
11.3,-0.052266667,-0.459111111,1.957263374
11.35,-0.073333333,-0.33437037,2.709156379
11.4,-0.087,-0.177,3.181831276
11.45,-0.091666667,-0.003407407,3.331604938
11.5,-0.087333333,0.169555556,3.14372428
11.55,-0.074,0.324333333,2.627366255
11.6,-0.0534,0.442666667,1.85127572
11.65,-0.027933333,0.515666667,0.911831276
11.7,0.0002,0.537037037,-0.107139918
11.75,0.027933333,0.504444444,-1.110658436
11.8,0.052666667,0.421185185,-1.99563786
11.85,0.071666667,0.296925926,-2.678168724
11.9,0.0836,0.14237037,-3.084609053
11.95,0.0864,-0.024814815,-3.164465021
12,0.080866667,-0.186555556,-2.928333333
12.05,0.067,-0.328962963,-2.404567901
12.1,0.0466,-0.436851852,-1.638600823
12.15,0.021466667,-0.499074074,-0.715761317
12.2,-0.005333333,-0.510407407,0.262592593
12.25,-0.031533333,-0.471740741,1.211090535
12.3,-0.054466667,-0.384592593,2.036707819
12.35,-0.071533333,-0.259074074,2.640493827
12.4,-0.081333333,-0.109222222,2.963930041
12.45,-0.0828,0.049444444,2.984444444
12.5,-0.076066667,0.200592593,2.715740741
12.55,-0.061933333,0.331111111,2.188168724
12.6,-0.041666667,0.428518519,1.436893004
12.65,-0.017266667,0.481037037,0.535576132
12.7,0.008466667,0.48337037,-0.403888889
12.75,0.032933333,0.438185185,-1.286090535
12.8,0.054,0.349740741,-2.037366255
12.85,0.069333333,0.226111111,-2.578353909
12.9,0.077466667,0.081,-2.850020576
12.95,0.077666667,-0.070444444,-2.832201646
13,0.070066667,-0.213111111,-2.536152263
13.05,0.055533333,-0.334296296,-1.985205761
13.1,0.0352,-0.42,-1.230061728
13.15,0.011733333,-0.461296296,-0.368209877
13.2,-0.012666667,-0.457814815,0.520123457
13.25,-0.035933333,-0.407444444,1.356152263
13.3,-0.055066667,-0.316111111,2.042921811
13.35,-0.068733333,-0.194407407,2.514156379
13.4,-0.0752,-0.054925926,2.735843621
13.45,-0.074466667,0.089962963,2.684979424
13.5,-0.0658,0.224777778,2.356522634
13.55,-0.051,0.335074074,1.790699588
13.6,-0.030933333,0.411074074,1.044115226
13.65,-0.008133333,0.443333333,0.20037037
13.7,0.015133333,0.431555556,-0.652283951
13.75,0.036866667,0.374703704,-1.422242798
13.8,0.054,0.282222222,-2.024465021
13.85,0.066,0.165185185,-2.439053498
13.9,0.071333333,0.029481481,-2.622983539
13.95,0.069066667,-0.108814815,-2.524238683
14,0.059866667,-0.233518519,-2.163312757
14.05,0.044733333,-0.333444444,-1.59037037
14.1,0.025133333,-0.398518519,-0.867016461
14.15,0.003266667,-0.423111111,-0.068415638
14.2,-0.018866667,-0.405296296,0.729423868
14.25,-0.038866667,-0.347111111,1.450576132
14.3,-0.054933333,-0.254666667,2.028353909
14.35,-0.0654,-0.136037037,2.398065844
14.4,-0.069066667,-0.00437037,2.510658436
14.45,-0.065733333,0.125481481,2.362757202
14.5,-0.055933333,0.240777778,1.986152263
14.55,-0.040733333,0.332074074,1.411460905
14.6,-0.021266667,0.38762963,0.696337449
14.65,-0.0004,0.403703704,-0.073683128
14.7,0.020666667,0.379925926,-0.832222222
14.75,0.0392,0.316777778,-1.498004115
14.8,0.053533333,0.22337037,-2.000246914
14.85,0.062333333,0.109185185,-2.307119342
14.9,0.064933333,-0.016222222,-2.386069959
14.95,0.060666667,-0.139962963,-2.208683128
15,0.0502,-0.246333333,-1.802633745
15.05,0.035,-0.326703704,-1.22909465
15.1,0.0162,-0.373592593,-0.544876543
15.15,-0.003866667,-0.382777778,0.18154321
15.2,-0.023533333,-0.354814815,0.89063786
15.25,-0.0408,-0.29062963,1.516769547
15.3,-0.0538,-0.196777778,1.983765432
15.35,-0.061266667,-0.083333333,2.233559671
15.4,-0.062333333,0.035925926,2.250679012
15.45,-0.057466667,0.150111111,2.051893004
15.5,-0.046733333,0.249037037,1.652757202
15.55,-0.031533333,0.322148148,1.086358025
15.6,-0.0132,0.362185185,0.408950617
15.65,0.0062,0.364518519,-0.305185185
15.7,0.024733333,0.329814815,-0.975925926
15.75,0.040466667,0.262555556,-1.538292181
15.8,0.052,0.169814815,-1.943353909
15.85,0.058133333,0.060259259,-2.149074074
15.9,0.0582,-0.053962963,-2.133744856
15.95,0.052466667,-0.161518519,-1.905185185
16,0.0414,-0.252296296,-1.482592593
16.05,0.026133333,-0.315851852,-0.911296296
16.1,0.008466667,-0.346185185,-0.265102881
16.15,-0.0098,-0.342740741,0.394567901
16.2,-0.027133333,-0.30562963,1.019794239
16.25,-0.041666667,-0.236703704,1.541131687
16.3,-0.051733333,-0.144518519,1.893539095
16.35,-0.0566,-0.039555556,2.051378601
16.4,-0.0558,0.068296296,2.010720165
16.45,-0.049533333,0.169518519,1.768806584
16.5,-0.038133333,0.252851852,1.339814815
16.55,-0.023133333,0.308814815,0.777263374
16.6,-0.006,0.333222222,0.144979424
16.65,0.011533333,0.323666667,-0.495493827
16.7,0.027666667,0.281592593,-1.081234568
16.75,0.040866667,0.210592593,-1.54600823
16.8,0.049466667,0.120296296,-1.844917695
16.85,0.053333333,0.019037037,-1.962098765
16.9,0.051466667,-0.084037037,-1.877839506
16.95,0.044466667,-0.176296296,-1.605020576
17,0.033133333,-0.250518519,-1.179238683
17.05,0.0184,-0.299074074,-0.635473251
17.1,0.001933333,-0.316074074,-0.038580247
17.15,-0.0144,-0.302481481,0.552304527
17.2,-0.029466667,-0.259333333,1.098230453
17.25,-0.041466667,-0.18862963,1.537654321
17.3,-0.049133333,-0.09837037,1.803703704
17.35,-0.0516,-3.7037E-05,1.870473251
17.4,-0.049,0.095703704,1.755534979
17.45,-0.041666667,0.181740741,1.477489712
17.5,-0.030133333,0.249740741,1.046502058
17.55,-0.0156,0.291,0.504609053
17.6,0.0002,0.301666667,-0.078374486
17.65,0.015733333,0.282444444,-0.644259259
17.7,0.0296,0.234555556,-1.140493827
17.75,0.040133333,0.163222222,-1.510802469
17.8,0.046466667,0.077407407,-1.727695473
17.85,0.0482,-0.016111111,-1.775514403
17.9,0.0448,-0.107777778,-1.636790123
17.95,0.036866667,-0.186407407,-1.332983539
18,0.0254,-0.245814815,-0.904609053
18.05,0.011333333,-0.280666667,-0.383786008
18.1,-0.003866667,-0.285962963,0.176975309
18.15,-0.018466667,-0.261518519,0.705761317
18.2,-0.031,-0.211925926,1.151234568
18.25,-0.040466667,-0.141851852,1.48
18.3,-0.045733333,-0.058222222,1.663106996
18.35,-0.046533333,0.031333333,1.675205761
18.4,-0.0424,0.116148148,1.515864198
18.45,-0.034466667,0.189185185,1.201975309
18.5,-0.0226,0.241,0.771111111
18.55,-0.0094,0.26837037,0.280802469
18.6,0.0052,0.270555556,-0.242078189
18.65,0.018866667,0.243444444,-0.743930041
18.7,0.030466667,0.192814815,-1.16537037
18.75,0.038933333,0.122333333,-1.469341564
18.8,0.0432,0.039703704,-1.617366255
18.85,0.043066667,-0.046740741,-1.586481481
18.9,0.0382,-0.125703704,-1.388353909
18.95,0.029933333,-0.190592593,-1.061625514
19,0.018333333,-0.235407407,-0.642798354
19.05,0.005466667,-0.256703704,-0.174547325
19.1,-0.008266667,-0.254,0.317119342
19.15,-0.021066667,-0.223888889,0.780349794
19.2,-0.031466667,-0.172666667,1.162613169
19.25,-0.039066667,-0.103333333,1.432592593
19.3,-0.042266667,-0.022888889,1.543004115
19.35,-0.041333333,0.057666667,1.487839506
19.4,-0.036266667,0.132,1.280617284
19.45,-0.027466667,0.190518519,0.951255144
19.5,-0.016466667,0.229888889,0.544773663
19.55,-0.003666667,0.247777778,0.075411523
19.6,0.009466667,0.238037037,-0.404835391
19.65,0.021066667,0.204814815,-0.829547325
19.7,0.030733333,0.151518519,-1.165617284
19.75,0.0368,0.083592593,-1.382716049
19.8,0.0394,0.007925926,-1.463209877
19.85,0.037666667,-0.069,-1.388518519
19.9,0.032133333,-0.137074074,-1.164670782
19.95,0.023333333,-0.189851852,-0.830102881
20,0.012333333,-0.222481481,-0.429320988
20.05,0.000266667,-0.233925926,0.003806584
20.1,-0.011933333,-0.222814815,0.447530864
20.15,-0.023,-0.187888889,0.854115226
20.2,-0.031533333,-0.133111111,1.160617284
20.25,-0.036733333,-0.066740741,1.3418107
20.3,-0.038466667,0.006037037,1.392366255
20.35,-0.036133333,0.078296296,1.298497942
20.4,-0.030266667,0.141555556,1.066687243
20.45,-0.021333333,0.189037037,0.731152263
20.5,-0.0106,0.217185185,0.329917695
20.55,0.001266667,0.223185185,-0.100802469
20.6,0.0126,0.206777778,-0.521028807
20.65,0.0228,0.169148148,-0.888888889
20.7,0.030266667,0.113444444,-1.150823045
20.75,0.034466667,0.048740741,-1.284176955
20.8,0.035266667,-0.019481481,-1.29845679
20.85,0.032466667,-0.085851852,-1.190514403
20.9,0.026333333,-0.143407407,-0.962427984
20.95,0.017533333,-0.186185185,-0.633230453
21,0.006933333,-0.20937037,-0.238477366
21.05,-0.004266667,-0.210962963,0.178600823
21.1,-0.015066667,-0.190296296,0.568024691
21.15,-0.024,-0.151444444,0.891111111
21.2,-0.0308,-0.097814815,1.12627572
21.25,-0.0342,-0.034074074,1.243497942
21.3,-0.034266667,0.03162963,1.232942387
21.35,-0.030933333,0.094222222,1.097325103
21.4,-0.0244,0.146,0.84872428
21.45,-0.015666667,0.181740741,0.527386831
21.5,-0.0056,0.200592593,0.157469136
21.55,0.0052,0.199074074,-0.241666667
21.6,0.015266667,0.175037037,-0.608477366
21.65,0.023333333,0.134555556,-0.894032922
21.7,0.029133333,0.082555556,-1.095987654
21.75,0.032,0.021259259,-1.197242798
21.8,0.0314,-0.042888889,-1.162798354
21.85,0.0274,-0.100259259,-1.001193416
21.9,0.020933333,-0.146555556,-0.746584362
21.95,0.012133333,-0.177481481,-0.425658436
22,0.002466667,-0.19037037,-0.071234568
22.05,-0.0076,-0.185148148,0.293004115
22.1,-0.016866667,-0.160074074,0.628539095
22.15,-0.024266667,-0.118925926,0.886707819
22.2,-0.029133333,-0.067481481,1.050308642
22.25,-0.0312,-0.010777778,1.125699588
22.3,-0.0304,0.049259259,1.093415638
22.35,-0.026066667,0.104074074,0.93244856
22.4,-0.019466667,0.146518519,0.672366255
22.45,-0.0108,0.173555556,0.351316872
22.5,-0.0014,0.182592593,0.003621399
22.55,0.008133333,0.174148148,-0.346028807
22.6,0.0168,0.146740741,-0.661604938
22.65,0.0234,0.104592593,-0.897510288
22.7,0.0276,0.053222222,-1.03909465
22.75,0.028933333,-0.003222222,-1.079115226
22.8,0.027266667,-0.059148148,-1.008353909
22.85,0.022733333,-0.108222222,-0.833374486
22.9,0.016,-0.145888889,-0.572942387
22.95,0.007533333,-0.168111111,-0.252119342
23,-0.0016,-0.171518519,0.081419753
23.05,-0.010266667,-0.158407407,0.385102881
23.1,-0.017933333,-0.131740741,0.653786008
23.15,-0.024,-0.091444444,0.872962963
23.2,-0.027533333,-0.040703704,1.000946502
23.25,-0.0282,0.013592593,1.013415638
23.3,-0.026,0.064481481,0.926337449
23.35,-0.021533333,0.109296296,0.75600823
23.4,-0.014666667,0.143518519,0.503353909
23.45,-0.006533333,0.161962963,0.195534979
23.5,0.0022,0.163666667,-0.128127572
23.55,0.010533333,0.148074074,-0.428333333
23.6,0.017533333,0.118777778,-0.678744856
23.65,0.022866667,0.077888889,-0.866934156
23.7,0.025666667,0.028740741,-0.969176955
23.75,0.025866667,-0.023333333,-0.966399177
23.8,0.0232,-0.072259259,-0.857695473
23.85,0.018266667,-0.112333333,-0.66526749
23.9,0.011533333,-0.141074074,-0.41244856
23.95,0.0036,-0.155518519,-0.115514403
24,-0.004733333,-0.152851852,0.187530864
24.05,-0.012266667,-0.135296296,0.459197531
24.1,-0.018733333,-0.105296296,0.686419753
24.15,-0.023266667,-0.064111111,0.846502058
24.2,-0.0254,-0.016740741,0.913312757
24.25,-0.024933333,0.031037037,0.885967078
24.3,-0.022133333,0.074851852,0.778703704
24.35,-0.0172,0.111888889,0.59600823
24.4,-0.010466667,0.137111111,0.348930041
24.45,-0.002933333,0.148333333,0.06399177
24.5,0.005,0.143851852,-0.228580247
24.55,0.012066667,0.124111111,-0.488868313
24.6,0.017866667,0.092703704,-0.692860082
24.65,0.021733333,0.051666667,-0.819526749
24.7,0.023133333,0.007481481,-0.863909465
24.75,0.022533333,-0.037703704,-0.830411523
24.8,0.0192,-0.078851852,-0.713888889
24.85,0.014333333,-0.111925926,-0.525452675
24.9,0.0076,-0.134259259,-0.27154321
24.95,0.0002,-0.140111111,0.008004115
25,-0.006933333,-0.132444444,0.269197531
25.05,-0.013533333,-0.112037037,0.499403292
25.1,-0.0186,-0.080444444,0.676625514
25.15,-0.021866667,-0.041481481,0.783621399
25.2,-0.022866667,0.000777778,0.817366255
25.25,-0.0218,0.043148148,0.775617284
25.3,-0.0184,0.081518519,0.653662551
25.35,-0.013333333,0.111666667,0.456090535
25.4,-0.006733333,0.129555556,0.202592593
25.45,0.000266667,0.132111111,-0.059958848
25.5,0.006933333,0.122518519,-0.30100823
25.55,0.013,0.100814815,-0.509835391
25.6,0.0174,0.069481481,-0.666419753
25.65,0.0202,0.031740741,-0.760617284
25.7,0.020733333,-0.009703704,-0.777222222
25.75,0.019133333,-0.049111111,-0.71473251
25.8,0.015666667,-0.084148148,-0.57755144
25.85,0.010333333,-0.10962963,-0.374979424
25.9,0.0042,-0.122925926,-0.139691358
25.95,-0.002466667,-0.123518519,0.097860082
26,-0.0086,-0.112444444,0.318971193
26.05,-0.014133333,-0.090666667,0.512716049
26.1,-0.018066667,-0.059222222,0.656954733
26.15,-0.020266667,-0.022259259,0.733559671
26.2,-0.0204,0.017185185,0.7331893
26.25,-0.018466667,0.054444444,0.65100823
26.3,-0.014666667,0.084962963,0.502037037
26.35,-0.0096,0.106185185,0.310617284
26.4,-0.003666667,0.117259259,0.090452675
26.45,0.002666667,0.115518519,-0.136049383
26.5,0.008333333,0.102407407,-0.337427984
26.55,0.0132,0.080925926,-0.512695473
26.6,0.016866667,0.049518519,-0.643621399
26.65,0.018333333,0.01337037,-0.699670782
26.7,0.0182,-0.023148148,-0.685493827
26.75,0.016,-0.058333333,-0.59436214
26.8,0.012,-0.085222222,-0.43962963
26.85,0.007133333,-0.103407407,-0.25191358
26.9,0.001266667,-0.111333333,-0.041316872
26.95,-0.004466667,-0.107740741,0.172716049
27,-0.009933333,-0.09337037,0.368662551
27.05,-0.0142,-0.069259259,0.523909465
27.1,-0.017133333,-0.038444444,0.619074074
27.15,-0.018133333,-0.004814815,0.650967078
27.2,-0.0176,0.028592593,0.627469136
27.25,-0.015266667,0.060703704,0.536584362
27.3,-0.0112,0.085148148,0.380102881
27.35,-0.006333333,0.099740741,0.193477366
27.4,-0.000866667,0.104740741,-0.003600823
27.45,0.004533333,0.099592593,-0.202345679
27.5,0.009533333,0.083851852,-0.382839506
27.55,0.013266667,0.059444444,-0.519691358
27.6,0.015666667,0.029814815,-0.603497942
27.65,0.0164,-0.003259259,-0.625617284
27.7,0.015333333,-0.035814815,-0.57473251
27.75,0.0126,-0.06337037,-0.460946502
27.8,0.008666667,-0.083148148,-0.311213992
27.85,0.004,-0.095185185,-0.140246914
27.9,-0.0012,-0.098111111,0.049320988
27.95,-0.006266667,-0.090222222,0.235534979
28,-0.0106,-0.073037037,0.388312757
28.05,-0.0138,-0.049592593,0.497839506
28.1,-0.015733333,-0.02162963,0.56308642
28.15,-0.016066667,0.008666667,0.576790123
28.2,-0.014866667,0.038666667,0.526954733
28.25,-0.012,0.063888889,0.415987654
28.3,-0.0082,0.082074074,0.260884774
28.35,-0.0034,0.090814815,0.084259259
28.4,0.001266667,0.090037037,-0.086522634
28.45,0.005866667,0.081814815,-0.248251029
28.5,0.0098,0.064888889,-0.39526749
28.55,0.012666667,0.040703704,-0.501563786
28.6,0.014066667,0.011888889,-0.542510288
28.65,0.0138,-0.016222222,-0.519053498
28.7,0.012333333,-0.041666667,-0.450329218
28.75,0.009466667,-0.062703704,-0.343621399
28.8,0.0058,-0.077185185,-0.207695473
28.85,0.001466667,-0.084333333,-0.051790123
28.9,-0.003,-0.08262963,0.10973251
28.95,-0.007133333,-0.072518519,0.253580247
29,-0.010466667,-0.056444444,0.375082305
29.05,-0.013066667,-0.033740741,0.463950617
29.1,-0.013933333,-0.008185185,0.506440329
29.15,-0.013933333,0.018481481,0.503641975
29.2,-0.012133333,0.045148148,0.432716049
29.25,-0.009066667,0.064296296,0.30382716
29.3,-0.0054,0.076,0.155884774
29.35,-0.0012,0.080259259,-0.001399177
29.4,0.003,0.075703704,-0.152942387
29.45,0.006666667,0.063740741,-0.278395062
29.5,0.009533333,0.046962963,-0.378744856
29.55,0.0116,0.024777778,-0.446995885
29.6,0.012133333,3.99958E-15,-0.463209877
29.65,0.011533333,-0.023703704,-0.42909465
29.7,0.0096,-0.043888889,-0.363559671
29.75,0.007066667,-0.061148148,-0.266995885
29.8,0.003266667,-0.07262963,-0.126995885
29.85,-0.0006,-0.074740741,0.032037037
29.9,-0.004533333,-0.068814815,0.178786008
29.95,-0.0078,-0.055185185,0.289958848
30,-0.010133333,-0.038444444,0.367016461
30.05,-0.0118,-0.017888889,0.420884774
30.1,-0.012066667,0.005407407,0.431769547
30.15,-0.0112,0.027555556,0.391666667
30.2,-0.009133333,0.045888889,0.315205761
30.25,-0.006466667,0.06,0.211563786
30.3,-0.002933333,0.068555556,0.077078189
30.35,0.0008,0.068037037,-0.064567901
30.4,0.004133333,0.060777778,-0.182469136
30.45,0.007,0.049296296,-0.285123457
30.5,0.009333333,0.031777778,-0.369341564
30.55,0.010333333,0.010555556,-0.410781893
30.6,0.0104,-0.011222222,-0.404218107
30.65,0.0092,-0.032111111,-0.345185185
30.7,0.006933333,-0.047407407,-0.247983539
30.75,0.0042,-0.056740741,-0.146666667
30.8,0.001133333,-0.062,-0.042345679
30.85,-0.0022,-0.061814815,0.076851852
30.9,-0.005333333,-0.054777778,0.200679012
30.95,-0.008,-0.040555556,0.297304527
31,-0.009533333,-0.02262963,0.343333333
31.05,-0.0102,-0.004962963,0.355658436
31.1,-0.010066667,0.013259259,0.349423868
31.15,-0.008933333,0.031740741,0.303703704
31.2,-0.006666667,0.045518519,0.217530864
31.25,-0.004133333,0.05362963,0.120226337
31.3,-0.0012,0.057925926,0.012078189
31.35,0.001933333,0.055592593,-0.106934156
31.4,0.004666667,0.046444444,-0.208395062
31.45,0.006733333,0.033037037,-0.273847737
31.5,0.008,0.018148148,-0.313600823
31.55,0.008666667,0.000851852,-0.329176955
31.6,0.008066667,-0.016111111,-0.311851852
31.65,0.007,-0.031555556,-0.263497942
31.7,0.0048,-0.043962963,-0.181111111
31.75,0.002333333,-0.050296296,-0.082530864
31.8,-0.0004,-0.052037037,0.015329218
31.85,-0.003066667,-0.048703704,0.110843621
31.9,-0.005466667,-0.040555556,0.195987654
31.95,-0.007266667,-0.028518519,0.264444444
32,-0.008466667,-0.013111111,0.305679012
32.05,-0.008666667,0.004037037,0.302674897
32.1,-0.007933333,0.018740741,0.263312757
32.15,-0.006666667,0.03062963,0.211049383
32.2,-0.0048,0.040148148,0.14755144
32.25,-0.002533333,0.046333333,0.064794239
32.3,6.66667E-05,0.047222222,-0.030493827
32.35,0.0024,0.042851852,-0.118312757
32.4,0.004466667,0.035037037,-0.194711934
32.45,0.006133333,0.022407407,-0.247366255
32.5,0.006733333,0.00862963,-0.264053498
32.55,0.006933333,-0.00437037,-0.264855967
32.6,0.0064,-0.018703704,-0.242736626
32.65,0.004933333,-0.030222222,-0.187366255
32.7,0.0032,-0.037814815,-0.118971193
32.75,0.001066667,-0.042518519,-0.039691358
32.8,-0.001266667,-0.042185185,0.046625514
32.85,-0.003333333,-0.037407407,0.123168724
32.9,-0.005133333,-0.029259259,0.184156379
32.95,-0.0064,-0.017962963,0.221111111
33,-0.006933333,-0.006111111,0.234012346
33.05,-0.007,0.005740741,0.234526749
33.1,-0.0064,0.018037037,0.215555556
33.15,-0.005133333,0.028592593,0.16808642
33.2,-0.0034,0.035888889,0.097510288
33.25,-0.001333333,0.03837037,0.022736626
33.3,0.000533333,0.037888889,-0.048045267
33.35,0.0026,0.033703704,-0.119341564
33.4,0.004066667,0.02562963,-0.181090535
33.45,0.005266667,0.014888889,-0.223930041
33.5,0.005666667,0.001851852,-0.23409465
33.55,0.0054,-0.010148148,-0.208106996
33.6,0.004533333,-0.01962963,-0.16436214
33.65,0.003333333,-0.026555556,-0.117222222
33.7,0.0018,-0.031296296,-0.068971193
33.75,0.000133333,-0.033851852,-0.013168724
33.8,-0.001733333,-0.033037037,0.050679012
33.85,-0.003333333,-0.028407407,0.109156379
33.9,-0.0046,-0.022111111,0.164135802
33.95,-0.005733333,-0.011888889,0.209567901
34,-0.005933333,0.000962963,0.211440329
34.05,-0.005466667,0.010925926,0.177613169
34.1,-0.004733333,0.018518519,0.140576132
34.15,-0.0036,0.024962963,0.10127572
34.2,-0.002133333,0.029037037,0.053641975
34.25,-0.0006,0.030592593,-0.001995885
34.3,0.001,0.029592593,-0.070308642
34.35,0.0026,0.023592593,-0.134567901
34.4,0.003533333,0.014037037,-0.158065844
34.45,0.003866667,0.006407407,-0.153065844
34.5,0.004133333,-0.00062963,-0.154074074
34.55,0.003866667,-0.008592593,-0.158148148
34.6,0.003333333,-0.01737037,-0.142057613
34.65,0.002066667,-0.024518519,-0.091419753
34.7,0.000666667,-0.027185185,-0.025226337
34.75,-0.0008,-0.026296296,0.029452675
34.8,-0.002,-0.023740741,0.072236626
34.85,-0.003266667,-0.018888889,0.105907407
34.9,-0.004,-0.012244444,0.119388889
34.95,-0.004466667,-0.005981481,0.11522428
35,-0.004333333,-0.000962963,0.107707819
