time,15cm,15cm_vel,20cm,20cm_vel,25cm,25cm_vel,30cm,30cm_vel,35cm,35cm_vel
0,0.143533333,-0.290592593,0.194933333,-0.286666667,0.246866667,-0.269111111,0.292266667,-0.435333333,0.3484,-0.172814815
0.05,0.131933333,-0.378296296,0.184066667,-0.392444444,0.237733333,-0.405166667,0.275866667,-0.601222222,0.343133333,-0.289185185
0.1,0.111666667,-0.507311111,0.163,-0.552822222,0.216133333,-0.619133333,0.243866667,-0.856111111,0.328733333,-0.493511111
0.15,0.082,-0.648074074,0.130533333,-0.743111111,0.179066667,-0.889259259,0.193266667,-1.161481481,0.299266667,-0.798592593
0.2,0.044866667,-0.754037037,0.087333333,-0.914592592,0.125866667,-1.145222222,0.1252,-1.429185185,0.2504,-1.15537037
0.25,0.003733333,-0.790555556,0.0362,-1.015481481,0.060666667,-1.308296296,0.045266667,-1.574185185,0.182133333,-1.473740741
0.3,-0.0372,-0.751592593,-0.018066667,-1.021925926,-0.0102,-1.344,-0.0386,-1.563740741,0.098933333,-1.69137037
0.35,-0.074333333,-0.639555556,-0.07,-0.928703704,-0.079066667,-1.246296296,-0.117266667,-1.399037037,0.007066667,-1.762666667
0.4,-0.103733333,-0.463666667,-0.114666667,-0.742777778,-0.1398,-1.024333333,-0.183866667,-1.098555556,-0.0842,-1.665074074
0.45,-0.122466667,-0.243222222,-0.147133333,-0.485,-0.185533333,-0.701703704,-0.231466667,-0.690185185,-0.1658,-1.407814815
0.5,-0.128933333,-0.000518519,-0.164933333,-0.18237037,-0.212466667,-0.315074074,-0.255466667,-0.217296296,-0.2304,-1.014592593
0.55,-0.122466667,0.24062963,-0.166,0.135888889,-0.218133333,0.098925926,-0.253733333,0.270222222,-0.2712,-0.523592593
0.6,-0.1038,0.455259259,-0.150666667,0.437259259,-0.202066667,0.499703704,-0.227133333,0.725074074,-0.284533333,0.012666667
0.65,-0.075066667,0.623,-0.120466667,0.693074074,-0.166,0.846555556,-0.1782,1.103740741,-0.2696,0.541148148
0.7,-0.039,0.727777778,-0.078466667,0.876962963,-0.113933333,1.106222222,-0.112266667,1.369777778,-0.228066667,1.010333333
0.75,0.0006,0.759703704,-0.029266667,0.972703704,-0.050866667,1.253037037,-0.035733333,1.497925926,-0.1644,1.374666667
0.8,0.040066667,0.714407407,0.0226,0.972259259,0.016333333,1.27462963,0.043466667,1.476518519,-0.084933333,1.597481481
0.85,0.074933333,0.597,0.071933333,0.873074074,0.081666667,1.169,0.117866667,1.306666667,0.0018,1.65862963
0.9,0.102066667,0.421592593,0.1134,0.686740741,0.138,0.945296296,0.179333333,1.007,0.087466667,1.555148148
0.95,0.118666667,0.206185185,0.1432,0.434518519,0.179733333,0.631740741,0.222333333,0.612037037,0.163466667,1.297444444
1,0.1234,-0.027481481,0.158466667,0.14162963,0.203466667,0.259962963,0.242733333,0.16162963,0.222266667,0.913074074
1.05,0.115866667,-0.258703704,0.157866667,-0.163333333,0.206666667,-0.13462963,0.238866667,-0.298518519,0.258266667,0.441555556
1.1,0.0964,-0.461888889,0.141333333,-0.448592593,0.189266667,-0.511296296,0.211533333,-0.724592593,0.267866667,-0.066740741
1.15,0.067666667,-0.615481481,0.111066667,-0.685629629,0.1534,-0.834,0.1634,-1.074962963,0.250933333,-0.559740741
1.2,0.0324,-0.707,0.07,-0.852851852,0.102466667,-1.071,0.0996,-1.31462963,0.209466667,-0.991703704
1.25,-0.005933333,-0.72637037,0.022333333,-0.933740741,0.0418,-1.196703704,0.026666667,-1.422111111,0.147733333,-1.321962963
1.3,-0.043066667,-0.674222222,-0.027066667,-0.921666667,-0.021933333,-1.203296296,-0.0482,-1.388740741,0.071933333,-1.518481481
1.35,-0.075933333,-0.556555556,-0.073466667,-0.818222222,-0.083133333,-1.093,-0.117666667,-1.218259259,-0.0102,-1.562481481
1.4,-0.101066667,-0.381703704,-0.1122,-0.632555556,-0.1356,-0.873814815,-0.174866667,-0.926962963,-0.090466667,-1.451518519
1.45,-0.115533333,-0.17062963,-0.139133333,-0.386037037,-0.173933333,-0.569185185,-0.213933333,-0.545962963,-0.161133333,-1.195962963
1.5,-0.1186,0.053703704,-0.1522,-0.104,-0.194733333,-0.209481481,-0.231466667,-0.114518519,-0.2148,-0.822444444
1.55,-0.11,0.272703704,-0.149866667,0.186037037,-0.195466667,0.165888889,-0.225666667,0.323814815,-0.2464,-0.372222222
1.6,-0.0902,0.463037037,-0.132733333,0.454555556,-0.177266667,0.519851852,-0.197533333,0.723777778,-0.2532,0.108444444
1.65,-0.061666667,0.603703704,-0.102466667,0.674925926,-0.1414,0.820185185,-0.1502,1.04662963,-0.235,0.574259259
1.7,-0.0274,0.683185185,-0.062533333,0.826814815,-0.0918,1.034481481,-0.0886,1.262333333,-0.193266667,0.977333333
1.75,0.009333333,0.694740741,-0.016533333,0.89637037,-0.0336,1.141259259,-0.018933333,1.351518519,-0.133133333,1.277555556
1.8,0.044866667,0.636555556,0.030866667,0.873148148,0.0268,1.135037037,0.051866667,1.306851852,-0.060333333,1.447703704
1.85,0.075533333,0.514962963,0.0742,0.763888889,0.0842,1.019407407,0.116933333,1.132444444,0.0174,1.472703704
1.9,0.098333333,0.343518519,0.110133333,0.581185185,0.1328,0.80262963,0.1696,0.846037037,0.0928,1.350814815
1.95,0.111133333,0.140074074,0.1346,0.341592593,0.167666667,0.506333333,0.204733333,0.478888889,0.157866667,1.094407407
2,0.112933333,-0.07737037,0.145666667,0.068444445,0.185333333,0.162185185,0.2192,0.068296296,0.2064,0.732851852
2.05,0.103066667,-0.286037037,0.1416,-0.208814815,0.184333333,-0.193814815,0.211733333,-0.345888889,0.233933333,0.301703704
2.1,0.083,-0.462518519,0.123733333,-0.460666667,0.165,-0.526185185,0.183066667,-0.721259259,0.2376,-0.154851852
2.15,0.054866667,-0.590481481,0.0936,-0.664185185,0.129533333,-0.803333333,0.136466667,-1.018962963,0.217533333,-0.589148148
2.2,0.021666667,-0.660074074,0.054666667,-0.800666667,0.081333333,-0.997222222,0.077,-1.212074074,0.176066667,-0.958481481
2.25,-0.0138,-0.663185185,0.0104,-0.857814815,0.025733333,-1.089333333,0.010466667,-1.284148148,0.117733333,-1.228481481
2.3,-0.047333333,-0.599518519,-0.034666667,-0.827074074,-0.031866667,-1.073444444,-0.056533333,-1.227851852,0.048333333,-1.375037037
2.35,-0.076066667,-0.477333333,-0.0756,-0.713777778,-0.085866667,-0.950666667,-0.1172,-1.049333333,-0.025333333,-1.382592593
2.4,-0.096933333,-0.308185185,-0.108733333,-0.531925926,-0.1308,-0.732185185,-0.1656,-0.767407407,-0.095466667,-1.251666667
2.45,-0.108066667,-0.10937037,-0.130933333,-0.297148148,-0.161866667,-0.443481481,-0.196866667,-0.412,-0.155333333,-0.99862963
2.5,-0.108333333,0.100333333,-0.139533333,-0.035037037,-0.176666667,-0.115481481,-0.2082,-0.020740741,-0.1992,-0.648481481
2.55,-0.097533333,0.297777778,-0.134466667,0.228111111,-0.1738,0.221481481,-0.198866667,0.368592593,-0.222666667,-0.236444444
2.6,-0.0772,0.462,-0.115733333,0.466185185,-0.153533333,0.53337037,-0.169733333,0.717444444,-0.2236,0.19462963
2.65,-0.049466667,0.579037037,-0.085866667,0.654814815,-0.118133333,0.787703704,-0.124133333,0.991444444,-0.2022,0.600851852
2.7,-0.016933333,0.637,-0.047533333,0.775740741,-0.071533333,0.961111111,-0.066533333,1.163888889,-0.160866667,0.941296296
2.75,0.016733333,0.631814815,-0.0052,0.818740741,-0.0182,1.038037037,-0.003066667,1.218851852,-0.1042,1.184407407
2.8,0.048733333,0.564037037,0.037533333,0.781185185,0.0364,1.011185185,0.0602,1.152037037,-0.037666667,1.30762963
2.85,0.075466667,0.438777778,0.076066667,0.665148148,0.087,0.882518519,0.116733333,0.970222222,0.031866667,1.298333333
2.9,0.094266667,0.271481481,0.1066,0.484481481,0.128133333,0.666703704,0.161,0.693481481,0.097333333,1.159481481
2.95,0.1036,0.078925926,0.126466667,0.25537037,0.1562,0.386888889,0.188733333,0.350222222,0.152333333,0.906925926
3,0.102466667,-0.120777778,0.133133333,0.001814815,0.1682,0.071888889,0.197266667,-0.02437037,0.191533333,0.566333333
3.05,0.091,-0.307111111,0.126466667,-0.248,0.163666667,-0.248888889,0.186,-0.391851852,0.211066667,0.172962963
3.1,0.0704,-0.460074074,0.1072,-0.469814815,0.1422,-0.541592593,0.1564,-0.716925926,0.2094,-0.234222222
3.15,0.043066667,-0.565111111,0.077533333,-0.642592593,0.107,-0.773518519,0.111266667,-0.966259259,0.186466667,-0.612444444
3.2,0.011666667,-0.613888889,0.0404,-0.751111111,0.061733333,-0.926851852,0.055866667,-1.11737037,0.145466667,-0.923962963
3.25,-0.020733333,-0.601740741,-0.0006,-0.783925926,0.010733333,-0.988925926,-0.004933333,-1.156333333,0.090333333,-1.141037037
3.3,-0.050933333,-0.529037037,-0.041133333,-0.738074074,-0.041133333,-0.951666667,-0.0644,-1.079148148,0.026733333,-1.242074074
3.35,-0.0758,-0.402740741,-0.077333333,-0.618814815,-0.088266667,-0.818925926,-0.117066667,-0.895814815,-0.038866667,-1.218
3.4,-0.092733333,-0.237666667,-0.105466667,-0.438185185,-0.126266667,-0.604888889,-0.1576,-0.622777778,-0.099866667,-1.073
3.45,-0.1004,-0.051148148,-0.1228,-0.215666667,-0.151,-0.333555556,-0.1816,-0.292037037,-0.150466667,-0.820962963
3.5,-0.098066667,0.140074074,-0.127866667,0.027407407,-0.160933333,-0.030111111,-0.1878,0.064222222,-0.185133333,-0.489481481
3.55,-0.085733333,0.315222222,-0.119933333,0.26662963,-0.154066667,0.274296296,-0.174933333,0.412888889,-0.201066667,-0.115111111
3.6,-0.0652,0.456925926,-0.099933333,0.474962963,-0.132133333,0.545740741,-0.144666667,0.715703704,-0.197,0.267592593
3.65,-0.038266667,0.553185185,-0.0704,0.632666667,-0.097266667,0.760703704,-0.100266667,0.942037037,-0.173133333,0.620296296
3.7,-0.007533333,0.59162963,-0.034133333,0.726518518,-0.052933333,0.897222222,-0.0466,1.071703704,-0.132266667,0.906037037
3.75,0.023266667,0.570666667,0.005133333,0.747740741,-0.003866667,0.942037037,0.011066667,1.095666667,-0.0788,1.09837037
3.8,0.051666667,0.494962963,0.043533333,0.695740741,0.044933333,0.894111111,0.067266667,1.011222222,-0.018,1.179296296
3.85,0.0748,0.369037037,0.0776,0.572481481,0.089133333,0.756555556,0.116333333,0.824259259,0.0438,1.142592593
3.9,0.09,0.207111111,0.103,0.393185185,0.123533333,0.545,0.152933333,0.556259259,0.100866667,0.990777778
3.95,0.096266667,0.025888889,0.118333333,0.177333333,0.145733333,0.280925926,0.173933333,0.237333333,0.1468,0.740851852
4,0.092733333,-0.158111111,0.121533333,-0.057037037,0.152666667,-0.009074074,0.177466667,-0.101962963,0.1778,0.419444444
4.05,0.079666667,-0.323185185,0.112266667,-0.282555556,0.144533333,-0.293148148,0.163333333,-0.429777778,0.1902,0.060740741
4.1,0.059066667,-0.454481481,0.091933333,-0.475740741,0.1222,-0.54737037,0.132666667,-0.711740741,0.183933333,-0.299518519
4.15,0.0324,-0.539814815,0.062733333,-0.619703704,0.0876,-0.745777778,0.089,-0.916518519,0.159,-0.62762963
4.2,0.002866667,-0.569777778,0.0276,-0.702962963,0.044466667,-0.866111111,0.037333333,-1.028555556,0.1184,-0.887555556
4.25,-0.0268,-0.543407407,-0.0104,-0.715333333,-0.002533333,-0.898185185,-0.0178,-1.039925926,0.066666667,-1.057259259
4.3,-0.053733333,-0.461222222,-0.046933333,-0.653740741,-0.048933333,-0.840222222,-0.070866667,-0.94662963,0.008466667,-1.120703704
4.35,-0.074733333,-0.333703704,-0.078266667,-0.528555556,-0.089866667,-0.699111111,-0.116266667,-0.758481481,-0.05,-1.069740741
4.4,-0.088266667,-0.175777778,-0.101866667,-0.351296296,-0.121533333,-0.490185185,-0.1496,-0.497,-0.102733333,-0.912444444
4.45,-0.093,-0.000962963,-0.1148,-0.139481482,-0.1408,-0.233518519,-0.167933333,-0.186888889,-0.144866667,-0.664592593
4.5,-0.0884,0.174,-0.1162,0.082925926,-0.145733333,0.044296296,-0.168933333,0.139148148,-0.171733333,-0.353074074
4.55,-0.0748,0.329518519,-0.106133333,0.295703704,-0.136066667,0.314740741,-0.1532,0.445925926,-0.181333333,-0.011407407
4.6,-0.054066667,0.450444444,-0.0854,0.477296296,-0.112866667,0.550555556,-0.122466667,0.705481481,-0.1728,0.328148148
4.65,-0.027933333,0.525481481,-0.0564,0.609037037,-0.078733333,0.729148148,-0.0798,0.892962963,-0.147133333,0.632259259
4.7,0.000666667,0.546185185,-0.022,0.678444444,-0.037,0.833481481,-0.029533333,0.989444444,-0.106866667,0.869259259
4.75,0.0288,0.513185185,0.014133333,0.680074074,0.008,0.853185185,0.023133333,0.985962963,-0.0566,1.01637037
4.8,0.054066667,0.428444444,0.048666667,0.614518518,0.051733333,0.787444444,0.073,0.883740741,-0.001266667,1.062592593
4.85,0.073333333,0.301518519,0.078066667,0.487185185,0.0898,0.644703704,0.115,0.694074074,0.053933333,1.001740741
4.9,0.085266667,0.147111111,0.099333333,0.311222222,0.118666667,0.439444444,0.145066667,0.437444444,0.103066667,0.838185185
4.95,0.088666667,-0.022259259,0.110333333,0.106074074,0.135466667,0.191148148,0.160333333,0.140259259,0.140933333,0.593888889
5,0.083,-0.18962963,0.110333333,-0.108555556,0.138666667,-0.077407407,0.1596,-0.169074074,0.164666667,0.293666667
5.05,0.0688,-0.335259259,0.098933333,-0.309740741,0.1272,-0.333888889,0.142733333,-0.460148148,0.171333333,-0.032666667
5.1,0.048,-0.444592593,0.078,-0.477296296,0.1036,-0.550481481,0.111466667,-0.699740741,0.161133333,-0.352444444
5.15,0.0226,-0.509518519,0.049266667,-0.596148148,0.070066667,-0.712851852,0.069866667,-0.866962963,0.134733333,-0.63662963
5.2,-0.005,-0.523185185,0.016,-0.654962963,0.029466667,-0.80337037,0.0214,-0.948407407,0.094666667,-0.851851852
5.25,-0.0318,-0.484666667,-0.0188,-0.648666667,-0.0136,-0.811518519,-0.0288,-0.934074074,0.045933333,-0.977592593
5.3,-0.055333333,-0.398777778,-0.051533333,-0.576037037,-0.054866667,-0.739222222,-0.075733333,-0.826444444,-0.006866667,-1.007037037
5.35,-0.073333333,-0.272111111,-0.0788,-0.444407407,-0.090466667,-0.593111111,-0.1148,-0.63537037,-0.0588,-0.935407407
5.4,-0.0836,-0.118851852,-0.0976,-0.270962963,-0.116533333,-0.388296296,-0.141666667,-0.383518519,-0.104133333,-0.770592593
5.45,-0.0856,0.044555556,-0.1068,-0.073777778,-0.130733333,-0.146925926,-0.154533333,-0.096518519,-0.138933333,-0.529
5.5,-0.079,0.203481481,-0.105333333,0.131074074,-0.131733333,0.107148148,-0.151666667,0.198518519,-0.159066667,-0.236444444
5.55,-0.064333333,0.339851852,-0.093133333,0.321703704,-0.119533333,0.348555556,-0.133733333,0.470222222,-0.163333333,0.075555556
5.6,-0.043533333,0.439777778,-0.071733333,0.477185185,-0.095333333,0.551740741,-0.102666667,0.692444444,-0.151066667,0.376481481
5.65,-0.018666667,0.496296296,-0.043466667,0.58362963,-0.062,0.696592593,-0.061666667,0.843777778,-0.124,0.635555556
5.7,0.008133333,0.502037037,-0.010933333,0.62962963,-0.022933333,0.771851852,-0.014866667,0.909333333,-0.084933333,0.829518519
5.75,0.0336,0.456666667,0.021933333,0.613740741,0.0182,0.770666667,0.032866667,0.884148148,-0.037666667,0.938740741
5.8,0.055533333,0.367,0.0528,0.537962963,0.057333333,0.690518519,0.077133333,0.769555556,0.012733333,0.953148148
5.85,0.071733333,0.241259259,0.078,0.406407407,0.09,0.541518519,0.112866667,0.578740741,0.0614,0.872814815
5.9,0.080666667,0.091037037,0.095,0.235407407,0.113466667,0.341518519,0.1372,0.332518519,0.103466667,0.705666667
5.95,0.081133333,-0.066814815,0.102466667,0.041444444,0.125533333,0.107703704,0.147333333,0.05562963,0.134866667,0.466962963
6,0.0736,-0.215592593,0.0992,-0.154148148,0.1246,-0.135037037,0.142866667,-0.223851852,0.151933333,0.183925926
6.05,0.058666667,-0.341555556,0.086266667,-0.330962963,0.111333333,-0.361037037,0.124,-0.479296296,0.153733333,-0.112185185
6.1,0.038066667,-0.432703704,0.0648,-0.474407407,0.087,-0.549185185,0.092866667,-0.683518519,0.140066667,-0.392555556
6.15,0.013666667,-0.480222222,0.036933333,-0.569851852,0.054133333,-0.680185185,0.052933333,-0.819074074,0.112866667,-0.631888889
6.2,-0.011933333,-0.47862963,0.005466667,-0.607,0.0162,-0.741814815,0.007666667,-0.871777778,0.074333333,-0.807222222
6.25,-0.036133333,-0.428777778,-0.026266667,-0.581888889,-0.023,-0.729148148,-0.0378,-0.835740741,0.028866667,-0.900481481
6.3,-0.0564,-0.338,-0.054933333,-0.500296296,-0.059533333,-0.644925926,-0.079266667,-0.715703704,-0.019266667,-0.903925926
6.35,-0.071266667,-0.213777778,-0.078333333,-0.368074074,-0.090133333,-0.49537037,-0.1122,-0.524777778,-0.065266667,-0.814444444
6.4,-0.078733333,-0.066703704,-0.0932,-0.199555556,-0.111066667,-0.296296296,-0.133666667,-0.284851852,-0.104,-0.642925926
6.45,-0.078133333,0.085555556,-0.099,-0.012851852,-0.120733333,-0.071518519,-0.141733333,-0.018592593,-0.132,-0.409444444
6.5,-0.069733333,0.227148148,-0.094466667,0.173481481,-0.118466667,0.159148148,-0.135533333,0.247555556,-0.146466667,-0.137777778
6.55,-0.0544,0.34362963,-0.080866667,0.340259259,-0.104133333,0.372111111,-0.115933333,0.487259259,-0.1462,0.144444444
6.6,-0.034,0.425333333,-0.059066667,0.472259259,-0.079666667,0.545555556,-0.084733333,0.675518519,-0.131266667,0.40837037
6.65,-0.0102,0.464740741,-0.031666667,0.555,-0.047266667,0.661814815,-0.0456,0.794185185,-0.103666667,0.629481481
6.7,0.0144,0.456518519,-0.001333333,0.581703704,-0.010866667,0.711666667,-0.0022,0.833814815,-0.0658,0.786962963
6.75,0.037266667,0.402814815,0.028866667,0.549333333,0.026666667,0.691333333,0.0412,0.78837037,-0.021733333,0.863518519
6.8,0.0562,0.310259259,0.055733333,0.463037037,0.0612,0.599037037,0.0798,0.663888889,0.024,0.853222222
6.85,0.069533333,0.186703704,0.077,0.330925926,0.088866667,0.448555556,0.110133333,0.474925926,0.067133333,0.755185185
6.9,0.075666667,0.043703704,0.090133333,0.166259259,0.107733333,0.255333333,0.129133333,0.239888889,0.102466667,0.583
6.95,0.074066667,-0.103111111,0.0942,-0.013185185,0.1154,0.037555556,0.135,-0.017,0.127533333,0.35662963
7,0.064866667,-0.237851852,0.088733333,-0.190444445,0.111533333,-0.181555556,0.127266667,-0.269814815,0.139533333,0.09562963
7.05,0.049133333,-0.345,0.074333333,-0.347,0.096466667,-0.381037037,0.1068,-0.492481481,0.137466667,-0.173814815
7.1,0.029,-0.417407407,0.0526,-0.46762963,0.0718,-0.540037037,0.076,-0.66437037,0.121333333,-0.423
7.15,0.0058,-0.448962963,0.0256,-0.53937037,0.040266667,-0.643740741,0.037666667,-0.768555556,0.093266667,-0.625555556
7.2,-0.017733333,-0.434851852,-0.003466667,-0.557148148,0.004866667,-0.682777778,-0.003933333,-0.795444444,0.0562,-0.763407407
7.25,-0.039466667,-0.376592593,-0.032333333,-0.519111111,-0.030866667,-0.651222222,-0.045066667,-0.742444444,0.013933333,-0.825185185
7.3,-0.056866667,-0.281185185,-0.057533333,-0.427925926,-0.0628,-0.555444444,-0.081133333,-0.615407407,-0.029666667,-0.803407407
7.35,-0.0686,-0.159592593,-0.076733333,-0.295814815,-0.088533333,-0.405851852,-0.109,-0.428074074,-0.069666667,-0.700407407
7.4,-0.073466667,-0.022185185,-0.0882,-0.135814815,-0.105,-0.216185185,-0.1256,-0.199185185,-0.1024,-0.529222222
7.45,-0.070933333,0.117555556,-0.090866667,0.037555555,-0.110933333,-0.006740741,-0.129666667,0.048222222,-0.124666667,-0.306074074
7.5,-0.0612,0.244518519,-0.084333333,0.207333333,-0.105666667,0.202333333,-0.120466667,0.288222222,-0.134133333,-0.054518519
7.55,-0.0454,0.344777778,-0.0692,0.354148148,-0.0898,0.388962963,-0.0996,0.496962963,-0.130266667,0.200592593
7.6,-0.025266667,0.408851852,-0.047333333,0.462148148,-0.065133333,0.53462963,-0.068733333,0.654407407,-0.1132,0.433407407
7.65,-0.002866667,0.431481481,-0.021133333,0.523333333,-0.034133333,0.624962963,-0.0314,0.743555556,-0.085,0.618777778
7.7,0.019533333,0.412148148,0.007066667,0.532296296,-6.67E-05,0.651222222,0.008533333,0.759,-0.048733333,0.73962963
7.75,0.04,0.351518519,0.0342,0.48837037,0.0336,0.612111111,0.047466667,0.69937037,-0.008133333,0.786925926
7.8,0.056066667,0.256148148,0.057866667,0.395518519,0.063466667,0.513777778,0.081333333,0.568814815,0.033066667,0.755925926
7.85,0.066666667,0.134703704,0.075333333,0.263074074,0.087,0.364888889,0.1066,0.381925926,0.070466667,0.649481481
7.9,0.070066667,0.000111111,0.085133333,0.106037037,0.101466667,0.178925926,0.120933333,0.159111111,0.100666667,0.477222222
7.95,0.0666,-0.132888889,0.0864,-0.061888889,0.105466667,-0.022407407,0.123066667,-0.077666667,0.120066667,0.257962963
8,0.0562,-0.25137037,0.0786,-0.221592593,0.099133333,-0.220851852,0.1128,-0.304962963,0.127333333,0.016333333
8.05,0.0404,-0.343148148,0.063266667,-0.357148148,0.082466667,-0.395888889,0.091266667,-0.49962963,0.121666667,-0.224518519
8.1,0.020466667,-0.399481481,0.041466667,-0.456481481,0.057733333,-0.526888889,0.060733333,-0.641888889,0.1038,-0.439
8.15,-0.0012,-0.414777778,0.015666667,-0.507777778,0.027666667,-0.604518519,0.024466667,-0.718814815,0.076066667,-0.609777778
8.2,-0.0226,-0.389703704,-0.011333333,-0.508222222,-0.005133333,-0.621185185,-0.014,-0.723740741,0.040333333,-0.718111111
8.25,-0.041666667,-0.32662963,-0.037066667,-0.459407407,-0.036933333,-0.575777778,-0.050733333,-0.657222222,0.001266667,-0.752259259
8.3,-0.0566,-0.230518519,-0.0592,-0.36337037,-0.065,-0.473,-0.082466667,-0.523074074,-0.037866667,-0.711259259
8.35,-0.065666667,-0.110888889,-0.074933333,-0.229814815,-0.086066667,-0.323888889,-0.105066667,-0.337925926,-0.072733333,-0.59837037
8.4,-0.068066667,0.018740741,-0.082866667,-0.077259259,-0.098666667,-0.143074074,-0.117466667,-0.121777778,-0.100066667,-0.426407407
8.45,-0.063733333,0.146481481,-0.083,0.083037037,-0.100933333,0.051222222,-0.117666667,0.104740741,-0.117,-0.21337037
8.5,-0.0528,0.258481481,-0.0742,0.234074074,-0.093133333,0.236481481,-0.106466667,0.318185185,-0.122133333,0.018222222
8.55,-0.036733333,0.342111111,-0.058533333,0.359333333,-0.076266667,0.396296296,-0.084533333,0.498666667,-0.115066667,0.246481481
8.6,-0.017133333,0.38962963,-0.036933333,0.449740741,-0.052,0.517185185,-0.054533333,0.627481481,-0.096333333,0.446518519
8.65,0.0038,0.397777778,-0.0116,0.492037037,-0.0224,0.584703704,-0.019333333,0.694,-0.068533333,0.599518519
8.7,0.024133333,0.367740741,0.014333333,0.483481481,0.008866667,0.592407407,0.017733333,0.689111111,-0.034,0.692074074
8.75,0.042,0.301777778,0.038533333,0.428703704,0.0392,0.540592593,0.0524,0.614111111,0.003533333,0.71362963
8.8,0.0556,0.204444444,0.058866667,0.331962963,0.065133333,0.433814815,0.081533333,0.478851852,0.0402,0.663962963
8.85,0.0632,0.087777778,0.073133333,0.201074074,0.084266667,0.284777778,0.102066667,0.298074074,0.072466667,0.549740741
8.9,0.064666667,-0.036740741,0.079733333,0.050888889,0.094666667,0.109074074,0.112466667,0.089185185,0.0974,0.380222222
8.95,0.0594,-0.157481481,0.078333333,-0.10262963,0.095466667,-0.074703704,0.1114,-0.129148148,0.112,0.173185185
9,0.048333333,-0.262592593,0.069066667,-0.245481482,0.086866667,-0.249925926,0.098866667,-0.331185185,0.115333333,-0.04937037
9.05,0.031866667,-0.337592593,0.052733333,-0.362037037,0.069533333,-0.400518519,0.076933333,-0.498925926,0.106733333,-0.264111111
9.1,0.013133333,-0.376962963,0.031333333,-0.440555556,0.045066667,-0.508111111,0.046866667,-0.614259259,0.087733333,-0.449296296
9.15,-0.007066667,-0.382777778,0.006866667,-0.473777778,0.0166,-0.562888889,0.012933333,-0.665888889,0.06,-0.588666667
9.2,-0.0268,-0.348259259,-0.017933333,-0.459518519,-0.013466667,-0.561074074,-0.0222,-0.653555556,0.0264,-0.666703704
9.25,-0.043333333,-0.278259259,-0.040866667,-0.400185185,-0.041733333,-0.503333333,-0.055066667,-0.575296296,-0.009333333,-0.677777778
9.3,-0.055666667,-0.18137037,-0.059533333,-0.301148148,-0.065733333,-0.396666667,-0.082133333,-0.438074074,-0.044066667,-0.621259259
9.35,-0.0622,-0.066407407,-0.0722,-0.171962963,-0.083,-0.250259259,-0.100466667,-0.259555556,-0.073933333,-0.502777778
9.4,-0.062533333,0.054259259,-0.0774,-0.026074074,-0.091733333,-0.079481481,-0.109066667,-0.056407407,-0.096266667,-0.335555556
9.45,-0.056533333,0.168777778,-0.0748,0.12037037,-0.0912,0.097814815,-0.1064,0.152703704,-0.108866667,-0.134444444
9.5,-0.044933333,0.265111111,-0.064866667,0.253925926,-0.081533333,0.264259259,-0.093,0.342925926,-0.1102,0.07862963
9.55,-0.028866667,0.333,-0.0484,0.361703704,-0.0636,0.401703704,-0.0706,0.496,-0.100533333,0.280703704
9.6,-0.010266667,0.366740741,-0.027066667,0.430037037,-0.039666667,0.496888889,-0.041466667,0.599481481,-0.080866667,0.451518519
9.65,0.0092,0.364888889,-0.003733333,0.455888889,-0.011933333,0.541962963,-0.0082,0.641740741,-0.0536,0.576703704
9.7,0.027666667,0.326740741,0.020266667,0.437074074,0.016733333,0.531962963,0.025333333,0.618666667,-0.0208,0.642259259
9.75,0.0432,0.255592593,0.041866667,0.372185185,0.0434,0.468555556,0.056066667,0.534888889,0.013266667,0.642074074
9.8,0.054266667,0.158555556,0.058933333,0.270703704,0.0654,0.359259259,0.080933333,0.398185185,0.045866667,0.579222222
9.85,0.059666667,0.046111111,0.069933333,0.143555555,0.080733333,0.214777778,0.0974,0.223111111,0.073533333,0.457962963
9.9,0.059,-0.069740741,0.073866667,0.002481481,0.087733333,0.049222222,0.104133333,0.026148148,0.093466667,0.291555556
9.95,0.0524,-0.177925926,0.070133333,-0.137407407,0.085733333,-0.118925926,0.100133333,-0.173111111,0.1038,0.097222222
10,0.040466667,-0.267333333,0.059466667,-0.261333333,0.075333333,-0.274074074,0.085933333,-0.35137037,0.103533333,-0.105407407
10.05,0.024466667,-0.327592593,0.042933333,-0.358333333,0.0572,-0.400592593,0.063533333,-0.492814815,0.092666667,-0.294037037
10.1,0.0064,-0.354851852,0.0222,-0.419185185,0.033533333,-0.48437037,0.034733333,-0.585074074,0.072866667,-0.451185185
10.15,-0.012333333,-0.348222222,-0.000666667,-0.437814815,0.0068,-0.518925926,0.002533333,-0.616037037,0.0458,-0.563407407
10.2,-0.029866667,-0.305962963,-0.023333333,-0.41237037,-0.020333333,-0.502888889,-0.029333333,-0.585185185,0.0142,-0.617666667
10.25,-0.044133333,-0.23337037,-0.0436,-0.344888889,-0.045533333,-0.435962963,-0.0582,-0.49762963,-0.018533333,-0.608222222
10.3,-0.054133333,-0.137333333,-0.0592,-0.242962963,-0.065733333,-0.324518519,-0.081133333,-0.359777778,-0.049,-0.538444444
10.35,-0.058466667,-0.026888889,-0.068733333,-0.118962963,-0.0792,-0.182037037,-0.0956,-0.186555556,-0.074533333,-0.414814815
10.4,-0.056866667,0.084925926,-0.0716,0.017148148,-0.0846,-0.02262963,-0.1004,0.002851852,-0.092133333,-0.250037037
10.45,-0.049533333,0.186296296,-0.067,0.151888889,-0.081533333,0.138074074,-0.095266667,0.190814815,-0.1004,-0.062962963
10.5,-0.037466667,0.268074074,-0.055666667,0.268777778,-0.0702,0.283703704,-0.080533333,0.358666667,-0.098666667,0.129481481
10.55,-0.021666667,0.322888889,-0.038933333,0.356481481,-0.051866667,0.397814815,-0.057866667,0.488518519,-0.0868,0.306037037
10.6,-0.0038,0.343925926,-0.0186,0.408148148,-0.0288,0.471148148,-0.029666667,0.567962963,-0.066733333,0.449703704
10.65,0.014066667,0.330962963,0.003466667,0.419518518,-0.002933333,0.497888889,0.0012,0.590222222,-0.040066667,0.548333333
10.7,0.030533333,0.286111111,0.025066667,0.388259259,0.023066667,0.473333333,0.031733333,0.552962963,-0.009666667,0.590814815
10.75,0.043933333,0.210925926,0.043866667,0.317777778,0.046333333,0.400851852,0.058666667,0.460962963,0.021466667,0.57262963
10.8,0.052466667,0.114740741,0.058066667,0.21637037,0.0646,0.290703704,0.079666667,0.323037037,0.049933333,0.496259259
10.85,0.055733333,0.009296296,0.066333333,0.094148148,0.076533333,0.152222222,0.092266667,0.153074074,0.072866667,0.373703704
10.9,0.053466667,-0.097296296,0.0678,-0.036296296,0.080533333,-0.00262963,0.095466667,-0.029851852,0.0888,0.214037037
10.95,0.0456,-0.193481481,0.062533333,-0.162407408,0.076133333,-0.154814815,0.089066667,-0.207740741,0.0952,0.032222222
11,0.033266667,-0.268851852,0.050933333,-0.272259259,0.064266667,-0.288407407,0.073866667,-0.364333333,0.092,-0.149962963
11.05,0.0176,-0.316444444,0.034133333,-0.353222222,0.0462,-0.393444444,0.051133333,-0.483259259,0.079533333,-0.31537037
11.1,0.0004,-0.332740741,0.014133333,-0.397407407,0.023333333,-0.458407407,0.023533333,-0.552037037,0.059133333,-0.447222222
11.15,-0.017,-0.315592593,-0.007133333,-0.402481481,-0.0016,-0.475333333,-0.006333333,-0.56437037,0.032933333,-0.53237037
11.2,-0.032533333,-0.265074074,-0.0278,-0.365925926,-0.026066667,-0.444925926,-0.0352,-0.519407407,0.003733333,-0.563259259
11.25,-0.044533333,-0.18862963,-0.0452,-0.29262963,-0.0478,-0.371074074,-0.0602,-0.424888889,-0.0256,-0.538296296
11.3,-0.052,-0.095777778,-0.058133333,-0.19162963,-0.064733333,-0.258962963,-0.0794,-0.287962963,-0.052266667,-0.459111111
11.35,-0.054533333,0.006962963,-0.065133333,-0.071592593,-0.074666667,-0.122148148,-0.0902,-0.121703704,-0.073333333,-0.33437037
11.4,-0.051333333,0.109703704,-0.0656,0.055592593,-0.0774,0.025925926,-0.091866667,0.053555556,-0.087,-0.177
11.45,-0.043,0.199333333,-0.059266667,0.175555556,-0.071933333,0.170148148,-0.084666667,0.223555556,-0.091666667,-0.003407407
11.5,-0.0306,0.268592593,-0.047266667,0.276296296,-0.059533333,0.294,-0.068666667,0.371148148,-0.087333333,0.169555556
11.55,-0.015066667,0.310518519,-0.030533333,0.348888889,-0.041333333,0.387666667,-0.0458,0.476740741,-0.074,0.324333333
11.6,0.0018,0.319555556,-0.010933333,0.385444444,-0.019266667,0.442925926,-0.019,0.532740741,-0.0534,0.442666667
11.65,0.018133333,0.297111111,0.0096,0.382444444,0.004733333,0.453592593,0.009466667,0.537333333,-0.027933333,0.515666667
11.7,0.0326,0.246407407,0.0288,0.341777778,0.028,0.417111111,0.036866667,0.48837037,0.0002,0.537037037
11.75,0.0438,0.170444444,0.045133333,0.267074074,0.048133333,0.338555556,0.060266667,0.390518519,0.027933333,0.504444444
11.8,0.0504,0.076259259,0.056533333,0.166518518,0.063133333,0.22737037,0.077533333,0.252777778,0.052666667,0.421185185
11.85,0.051666667,-0.024407407,0.062466667,0.049296296,0.071666667,0.095666667,0.086466667,0.09137037,0.071666667,0.296925926
11.9,0.0478,-0.12137037,0.0616,-0.071666667,0.073133333,-0.045888889,0.086933333,-0.077,0.0836,0.14237037
11.95,0.039,-0.204962963,0.054933333,-0.183851852,0.0668,-0.181037037,0.078466667,-0.237222222,0.0864,-0.024814815
12,0.026466667,-0.267296296,0.042533333,-0.278111111,0.0542,-0.296037037,0.062133333,-0.370925926,0.080866667,-0.186555556
12.05,0.011133333,-0.301555556,0.025933333,-0.342888889,0.036133333,-0.382851852,0.039866667,-0.466814815,0.067,-0.328962963
12.1,-0.004933333,-0.304962963,0.0068,-0.371962963,0.014266667,-0.429037037,0.013533333,-0.514777778,0.0466,-0.436851852
12.15,-0.020466667,-0.279703704,-0.012733333,-0.363851852,-0.0086,-0.430333333,-0.0136,-0.512111111,0.021466667,-0.499074074
12.2,-0.034,-0.226851852,-0.031,-0.319925926,-0.0304,-0.38962963,-0.039733333,-0.458074074,-0.005333333,-0.510407407
12.25,-0.044133333,-0.150185185,-0.046,-0.244037037,-0.049066667,-0.310777778,-0.061333333,-0.356666667,-0.031533333,-0.471740741
12.3,-0.0496,-0.05862963,-0.0564,-0.143481482,-0.0628,-0.199814815,-0.076666667,-0.222185185,-0.054466667,-0.384592593
12.35,-0.0502,0.038259259,-0.060933333,-0.02862963,-0.0698,-0.069851852,-0.084466667,-0.065111111,-0.071533333,-0.259074074
12.4,-0.045666667,0.131666667,-0.059266667,0.087037037,-0.069933333,0.06462963,-0.083466667,0.09837037,-0.081333333,-0.109222222
12.45,-0.0364,0.209740741,-0.0518,0.192333333,-0.063066667,0.192037037,-0.074133333,0.249851852,-0.0828,0.049444444
12.5,-0.023733333,0.264592593,-0.039333333,0.279037037,-0.049933333,0.299222222,-0.057333333,0.373333333,-0.076066667,0.200592593
12.55,-0.008933333,0.293407407,-0.022733333,0.336666667,-0.031933333,0.375851852,-0.035266667,0.458185185,-0.061933333,0.331111111
12.6,0.006733333,0.293481481,-0.0042,0.358555556,-0.010733333,0.412777778,-0.009733333,0.49762963,-0.041666667,0.428518519
12.65,0.021666667,0.263,0.014533333,0.344666667,0.011,0.408037037,0.016533333,0.486333333,-0.017266667,0.481037037
12.7,0.034066667,0.206481481,0.031533333,0.298,0.0316,0.364,0.040866667,0.426,0.008466667,0.48337037
12.75,0.043066667,0.130481481,0.0456,0.220481481,0.048933333,0.282296296,0.0608,0.323666667,0.032933333,0.438185185
12.8,0.047666667,0.041,0.054466667,0.120888889,0.060933333,0.172925926,0.074466667,0.190037037,0.054,0.349740741
12.85,0.047333333,-0.052555556,0.058066667,0.011037037,0.066866667,0.047185185,0.080533333,0.038222222,0.069333333,0.226111111
12.9,0.0422,-0.140518519,0.055666667,-0.100481482,0.0658,-0.082259259,0.078466667,-0.117296296,0.077466667,0.081
12.95,0.032666667,-0.213074074,0.047533333,-0.200259259,0.058266667,-0.202333333,0.0682,-0.258407407,0.077666667,-0.070444444
13,0.019866667,-0.261074074,0.0348,-0.278925926,0.044733333,-0.301296296,0.051466667,-0.371148148,0.070066667,-0.213111111
13.05,0.005533333,-0.283148148,0.018533333,-0.32937037,0.026866667,-0.368481481,0.029666667,-0.447333333,0.055533333,-0.334296296
13.1,-0.009466667,-0.278814815,0.0004,-0.344333333,0.006333333,-0.397185185,0.004933333,-0.478259259,0.0352,-0.42
13.15,-0.0234,-0.24762963,-0.0172,-0.325962963,-0.014466667,-0.385407407,-0.020133333,-0.460333333,0.011733333,-0.461296296
13.2,-0.035266667,-0.190888889,-0.0334,-0.276481481,-0.033666667,-0.33637037,-0.042933333,-0.396407407,-0.012666667,-0.457814815
13.25,-0.0434,-0.112481481,-0.046066667,-0.19762963,-0.049466667,-0.253592593,-0.061266667,-0.294296296,-0.035933333,-0.407444444
13.3,-0.046866667,-0.024481481,-0.053933333,-0.099481482,-0.06,-0.14637037,-0.073533333,-0.163,-0.055066667,-0.316111111
13.35,-0.045866667,0.064407407,-0.056333333,0.007296296,-0.0646,-0.026111111,-0.078266667,-0.014851852,-0.068733333,-0.194407407
13.4,-0.040133333,0.145851852,-0.053133333,0.112296296,-0.062733333,0.096740741,-0.075,0.133333333,-0.0752,-0.054925926
13.45,-0.030666667,0.211962963,-0.044666667,0.205888889,-0.054533333,0.209481481,-0.064333333,0.266555556,-0.074466667,0.089962963
13.5,-0.018133333,0.257333333,-0.031666667,0.277703704,-0.040866667,0.299666667,-0.047266667,0.372111111,-0.0658,0.224777778
13.55,-0.003866667,0.276296296,-0.015733333,0.320481482,-0.023333333,0.358925926,-0.025466667,0.437296296,-0.051,0.335074074
13.6,0.010666667,0.266481481,0.001666667,0.331,-0.003533333,0.381740741,-0.001733333,0.45762963,-0.030933333,0.411074074
13.65,0.023733333,0.231666667,0.018733333,0.30762963,0.0164,0.36562963,0.021933333,0.435111111,-0.008133333,0.443333333
13.7,0.0348,0.173037037,0.033533333,0.255518518,0.034533333,0.312148148,0.043533333,0.368777778,0.015133333,0.431555556
13.75,0.0418,0.095925926,0.045333333,0.177333333,0.0488,0.22837037,0.0604,0.263888889,0.036866667,0.374703704
13.8,0.044666667,0.011074074,0.052066667,0.08,0.058266667,0.122259259,0.070933333,0.133333333,0.054,0.282222222
13.85,0.043,-0.075407407,0.0536,-0.024296296,0.061533333,0.003925926,0.074133333,-0.008074074,0.066,0.165185185
13.9,0.036733333,-0.152444444,0.049466667,-0.124703704,0.058533333,-0.112111111,0.070066667,-0.147703704,0.071333333,0.029481481
13.95,0.027066667,-0.212740741,0.040533333,-0.210444444,0.049866667,-0.216407407,0.058733333,-0.271481481,0.069066667,-0.108814815
14,0.014666667,-0.252407407,0.0276,-0.275148148,0.036,-0.298074074,0.0418,-0.367111111,0.059866667,-0.233518519
14.05,0.0008,-0.266555556,0.011866667,-0.311259259,0.0188,-0.348518519,0.020533333,-0.42537037,0.044733333,-0.333444444
14.1,-0.013066667,-0.253740741,-0.004733333,-0.316777778,-0.000266667,-0.36362963,-0.002533333,-0.439259259,0.025133333,-0.398518519
14.15,-0.025533333,-0.216185185,-0.021066667,-0.29062963,-0.019,-0.342518519,-0.025066667,-0.41037037,0.003266667,-0.423111111
14.2,-0.035666667,-0.155037037,-0.035,-0.23462963,-0.0358,-0.288518519,-0.0452,-0.340555556,-0.018866667,-0.405296296
14.25,-0.041666667,-0.078444444,-0.045466667,-0.155259259,-0.049066667,-0.204518519,-0.060533333,-0.236,-0.038866667,-0.347111111
14.3,-0.043666667,0.003296296,-0.051133333,-0.060740741,-0.057133333,-0.099148148,-0.069666667,-0.109148148,-0.054933333,-0.254666667
14.35,-0.041266667,0.083481481,-0.051666667,0.037814815,-0.059333333,0.015185185,-0.071866667,0.028111111,-0.0654,-0.136037037
14.4,-0.035066667,0.156333333,-0.0472,0.13237037,-0.0554,0.125074074,-0.066733333,0.161851852,-0.069066667,-0.00437037
14.45,-0.025,0.213444444,-0.038,0.214851852,-0.046266667,0.220925926,-0.054933333,0.277333333,-0.065733333,0.125481481
14.5,-0.0128,0.247925926,-0.024733333,0.273555556,-0.032466667,0.295,-0.0378,0.363148148,-0.055933333,0.240777778
14.55,0.000733333,0.258074074,-0.0094,0.302222222,-0.015533333,0.338518519,-0.0172,0.412814815,-0.040733333,0.332074074
14.6,0.014133333,0.240555556,0.0066,0.302,0.002733333,0.348074074,0.005133333,0.421037037,-0.021266667,0.38762963
14.65,0.0258,0.198185185,0.021933333,0.27262963,0.020666667,0.322444444,0.0266,0.386666667,-0.0004,0.403703704
14.7,0.034666667,0.137333333,0.035,0.215407407,0.036333333,0.26337037,0.045333333,0.31362963,0.020666667,0.379925926
14.75,0.04,0.064259259,0.0444,0.135481481,0.048066667,0.177888889,0.059333333,0.207407407,0.0392,0.316777778
14.8,0.041333333,-0.014777778,0.049,0.043444445,0.054733333,0.076518519,0.0668,0.082407407,0.053533333,0.22337037
14.85,0.038533333,-0.093333333,0.048933333,-0.052962963,0.055933333,-0.030703704,0.067733333,-0.047777778,0.062333333,0.109185185
14.9,0.0316,-0.162037037,0.043466667,-0.143222222,0.051533333,-0.134407407,0.061866667,-0.173148148,0.064933333,-0.016222222
14.95,0.0216,-0.212814815,0.033933333,-0.217111111,0.042,-0.225074074,0.049733333,-0.280814815,0.060666667,-0.139962963
15,0.009466667,-0.242037037,0.020866667,-0.26862963,0.028066667,-0.291962963,0.032533333,-0.358074074,0.0502,-0.246333333
15.05,-0.003666667,-0.245407407,0.006,-0.293037037,0.011533333,-0.327666667,0.012466667,-0.398703704,0.035,-0.326703704
15.1,-0.015933333,-0.226074074,-0.0096,-0.288222222,-0.006,-0.330481481,-0.008866667,-0.400259259,0.0162,-0.373592593
15.15,-0.027133333,-0.184962963,-0.024,-0.254111111,-0.0228,-0.300666667,-0.0292,-0.361148148,-0.003866667,-0.382777778
15.2,-0.035333333,-0.122703704,-0.036,-0.195074074,-0.037266667,-0.240888889,-0.0464,-0.286296296,-0.023533333,-0.354814815
15.25,-0.039733333,-0.050740741,-0.044266667,-0.116888889,-0.047866667,-0.156740741,-0.058933333,-0.183481481,-0.0408,-0.29062963
15.3,-0.040666667,0.027222222,-0.048133333,-0.027518519,-0.053533333,-0.057555556,-0.065533333,-0.061703704,-0.0538,-0.196777778
15.35,-0.036933333,0.10262963,-0.047133333,0.064666667,-0.053866667,0.04737037,-0.065266667,0.064592593,-0.061266667,-0.083333333
15.4,-0.029866667,0.165444444,-0.0414,0.149925926,-0.048533333,0.145888889,-0.058733333,0.182851852,-0.062333333,0.035925926
15.45,-0.019733333,0.211592593,-0.031533333,0.219814815,-0.0386,0.227888889,-0.046266667,0.282666667,-0.057466667,0.150111111
15.5,-0.0078,0.235296296,-0.0184,0.265111111,-0.0248,0.286148148,-0.029333333,0.35362963,-0.046733333,0.249037037
15.55,0.004666667,0.236555556,-0.004,0.284111111,-0.008866667,0.316,-0.0094,0.387407407,-0.031533333,0.322148148
15.6,0.0168,0.214,0.011133333,0.274703704,0.008066667,0.314074074,0.011066667,0.380407407,-0.0132,0.362185185
15.65,0.027,0.168666667,0.024666667,0.236333333,0.0238,0.280518519,0.030066667,0.336888889,0.0062,0.364518519
15.7,0.034333333,0.106666667,0.0356,0.176148148,0.037266667,0.218407407,0.046,0.261407407,0.024733333,0.329814815
15.75,0.038066667,0.03462963,0.042933333,0.099185185,0.046533333,0.134148148,0.057266667,0.159666667,0.040466667,0.262555556
15.8,0.0378,-0.038407407,0.046,0.011111111,0.051133333,0.038,0.062666667,0.041074074,0.052,0.169814815
15.85,0.034066667,-0.10737037,0.044066667,-0.077555556,0.050466667,-0.061444444,0.061533333,-0.081407407,0.058133333,0.060259259
15.9,0.026733333,-0.167111111,0.037866667,-0.157111111,0.044733333,-0.154074074,0.054066667,-0.193222222,0.0582,-0.053962963
15.95,0.016666667,-0.20962963,0.027666667,-0.219555556,0.0344,-0.230222222,0.0414,-0.284555556,0.052466667,-0.161518519
16,0.004866667,-0.23,0.015,-0.259148148,0.020666667,-0.280925926,0.024466667,-0.346740741,0.0414,-0.252296296
16.05,-0.007333333,-0.225740741,0.000733333,-0.273037037,0.0052,-0.303407407,0.005266667,-0.372851852,0.026133333,-0.315851852
16.1,-0.018533333,-0.199962963,-0.0134,-0.25937037,-0.010866667,-0.295740741,-0.014333333,-0.361111111,0.008466667,-0.346185185
16.15,-0.028133333,-0.154111111,-0.0262,-0.220407407,-0.0256,-0.258074074,-0.0322,-0.31462963,-0.0098,-0.342740741
16.2,-0.0346,-0.092148148,-0.0364,-0.158148148,-0.0376,-0.196296296,-0.047066667,-0.236555556,-0.027133333,-0.30562963
16.25,-0.037666667,-0.021888889,-0.0426,-0.080814815,-0.045933333,-0.116074074,-0.0568,-0.134925926,-0.041666667,-0.236703704
16.3,-0.036933333,0.051222222,-0.044733333,0.00337037,-0.049866667,-0.021222222,-0.061066667,-0.020444444,-0.051733333,-0.144518519
16.35,-0.0322,0.116592593,-0.042333333,0.088407407,-0.048133333,0.075444444,-0.058933333,0.095925926,-0.0566,-0.039555556
16.4,-0.024733333,0.168814815,-0.035466667,0.163074074,-0.0418,0.160740741,-0.051,0.200851852,-0.0558,0.068296296
16.45,-0.014733333,0.20537037,-0.025333333,0.220407407,-0.0314,0.229185185,-0.038,0.284481481,-0.049533333,0.169518519
16.5,-0.003333333,0.220777778,-0.012466667,0.254074074,-0.018,0.274851852,-0.0214,0.339,-0.038133333,0.252851852
16.55,0.0082,0.214555556,0.001133333,0.261407407,-0.0028,0.29262963,-0.002666667,0.358074074,-0.023133333,0.308814815
16.6,0.018933333,0.187333333,0.0146,0.244518519,0.012466667,0.280296296,0.0158,0.341777778,-0.006,0.333222222
16.65,0.0278,0.139518519,0.0266,0.20262963,0.0264,0.239074074,0.032866667,0.291407407,0.011533333,0.323666667
16.7,0.033466667,0.077333333,0.035666667,0.14062963,0.037333333,0.173888889,0.046133333,0.211518519,0.027666667,0.281592593
16.75,0.035666667,0.010111111,0.0412,0.064851852,0.044333333,0.093851852,0.0548,0.111703704,0.040866667,0.210592593
16.8,0.0346,-0.059037037,0.042466667,-0.018185185,0.047133333,0.004,0.057733333,0.001222222,0.049466667,0.120296296
16.85,0.0296,-0.123037037,0.039266667,-0.098481481,0.0448,-0.086592593,0.054866667,-0.107962963,0.053333333,0.019037037
16.9,0.021533333,-0.170259259,0.032133333,-0.167074074,0.038,-0.166222222,0.046466667,-0.205444444,0.051466667,-0.084037037
16.95,0.011933333,-0.200925926,0.021866667,-0.218259259,0.0274,-0.227259259,0.033466667,-0.28162963,0.044466667,-0.176296296
17,0.0008,-0.213814815,0.0094,-0.246814815,0.014466667,-0.266777778,0.0172,-0.329740741,0.033133333,-0.250518519
17.05,-0.0104,-0.203851852,-0.003733333,-0.251703704,-0.000266667,-0.280814815,-0.0008,-0.344962963,0.0184,-0.299074074
17.1,-0.020466667,-0.172444444,-0.0168,-0.230962963,-0.014933333,-0.263518519,-0.0188,-0.323444444,0.001933333,-0.316074074
17.15,-0.028266667,-0.124740741,-0.0278,-0.18637037,-0.0276,-0.220740741,-0.034466667,-0.269037037,-0.0144,-0.302481481
17.2,-0.0334,-0.065333333,-0.036133333,-0.123888889,-0.037866667,-0.156111111,-0.046666667,-0.189518519,-0.029466667,-0.259333333
17.25,-0.035066667,0.000518519,-0.040666667,-0.049333333,-0.043933333,-0.074592593,-0.054133333,-0.092037037,-0.041466667,-0.18862963
17.3,-0.033333333,0.066074074,-0.041266667,0.029925926,-0.045466667,0.011592593,-0.056266667,0.014814815,-0.049133333,-0.09837037
17.35,-0.0282,0.124888889,-0.037533333,0.105592593,-0.042666667,0.095555556,-0.052533333,0.119,-0.0516,-3.70E-05
17.4,-0.020333333,0.170777778,-0.0302,0.169,-0.0356,0.170703704,-0.043866667,0.21062963,-0.049,0.095703704
17.45,-0.010333333,0.197703704,-0.019933333,0.214962963,-0.024933333,0.228777778,-0.0306,0.280259259,-0.041666667,0.181740741
17.5,0.0002,0.205148148,-0.007866667,0.23962963,-0.011666667,0.261518519,-0.014666667,0.320777778,-0.030133333,0.249740741
17.55,0.010933333,0.193148148,0.004933333,0.241148148,0.002333333,0.266592593,0.0028,0.32837037,-0.0156,0.291
17.6,0.020333333,0.161111111,0.017266667,0.217555555,0.015933333,0.246703704,0.0194,0.304296296,0.0002,0.301666667
17.65,0.027666667,0.113333333,0.0276,0.171444444,0.028066667,0.200962963,0.034466667,0.249407407,0.015733333,0.282444444
17.7,0.032133333,0.053814815,0.035066667,0.108592593,0.036866667,0.134777778,0.0454,0.168592593,0.0296,0.234555556
17.75,0.033266667,-0.011074074,0.038866667,0.035370371,0.041933333,0.057666667,0.051933333,0.072111111,0.040133333,0.163222222
17.8,0.031,-0.074888889,0.038733333,-0.040962963,0.042866667,-0.024925926,0.052866667,-0.031,0.046466667,0.077407407
17.85,0.0254,-0.129703704,0.0346,-0.112777778,0.039333333,-0.104666667,0.048666667,-0.129814815,0.0482,-0.016111111
17.9,0.0174,-0.169555556,0.026933333,-0.171962963,0.031933333,-0.173074074,0.0394,-0.215925926,0.0448,-0.107777778
17.95,0.007866667,-0.193740741,0.016666667,-0.212851852,0.0214,-0.224962963,0.026066667,-0.277666667,0.036866667,-0.186407407
18,-0.002733333,-0.198703704,0.004866667,-0.23337037,0.008466667,-0.252962963,0.010533333,-0.311481481,0.0254,-0.245814815
18.05,-0.012933333,-0.181666667,-0.007666667,-0.229444444,-0.005,-0.253962963,-0.006333333,-0.313851852,0.011333333,-0.280666667
18.1,-0.021533333,-0.147925926,-0.019,-0.202444444,-0.017866667,-0.23062963,-0.022133333,-0.284259259,-0.003866667,-0.285962963
18.15,-0.028266667,-0.1,-0.028666667,-0.156111111,-0.029,-0.183851852,-0.0358,-0.227814815,-0.018466667,-0.261518519
18.2,-0.032,-0.041148148,-0.035266667,-0.093518519,-0.037,-0.118555556,-0.045933333,-0.146888889,-0.031,-0.211925926
18.25,-0.0326,0.022518519,-0.038333333,-0.022592593,-0.041333333,-0.041333333,-0.051,-0.052740741,-0.040466667,-0.141851852
18.3,-0.029533333,0.081925926,-0.037733333,0.052333333,-0.041266667,0.039259259,-0.051333333,0.045222222,-0.045733333,-0.058222222
18.35,-0.024,0.131444444,-0.0328,0.120185185,-0.0372,0.114666667,-0.046333333,0.138962963,-0.046533333,0.031333333
18.4,-0.016,0.169703704,-0.025066667,0.173,-0.029266667,0.177037037,-0.036866667,0.218185185,-0.0424,0.116148148
18.45,-0.0062,0.188481481,-0.014866667,0.209185185,-0.018733333,0.220407407,-0.0236,0.27462963,-0.034466667,0.189185185
18.5,0.0036,0.188444444,-0.003333333,0.224666667,-0.0064,0.242518519,-0.0082,0.301555556,-0.0226,0.241
18.55,0.013266667,0.171481481,0.008466667,0.218296296,0.006533333,0.23962963,0.007733333,0.298518519,-0.0094,0.26837037
18.6,0.021533333,0.135703704,0.0194,0.189444444,0.018466667,0.213555556,0.0228,0.266185185,0.0052,0.270555556
18.65,0.0274,0.086296296,0.0282,0.141037037,0.028733333,0.166148148,0.035466667,0.206518519,0.018866667,0.243444444
18.7,0.030466667,0.028703704,0.034066667,0.078444444,0.035866667,0.100222222,0.044266667,0.126518519,0.030466667,0.192814815
18.75,0.030266667,-0.029777778,0.036333333,0.008555556,0.039066667,0.025814815,0.048533333,0.035518519,0.038933333,0.122333333
18.8,0.027533333,-0.087740741,0.034933333,-0.061481482,0.038466667,-0.049740741,0.047933333,-0.058296296,0.0432,0.039703704
18.85,0.021133333,-0.136592593,0.029866667,-0.123962963,0.033933333,-0.120481481,0.042466667,-0.146,0.043066667,-0.046740741
18.9,0.013133333,-0.168444444,0.022,-0.173074074,0.025933333,-0.178703704,0.032733333,-0.21862963,0.0382,-0.125703704
18.95,0.003666667,-0.184074074,0.011933333,-0.205777778,0.0152,-0.216666667,0.019733333,-0.269185185,0.029933333,-0.190592593
19,-0.006,-0.181148148,0.000533333,-0.216666667,0.0034,-0.232666667,0.004666667,-0.29137037,0.018333333,-0.235407407
19.05,-0.015133333,-0.160777778,-0.0106,-0.205814815,-0.0088,-0.228333333,-0.0106,-0.283703704,0.005466667,-0.256703704
19.1,-0.0228,-0.122962963,-0.020866667,-0.17437037,-0.020533333,-0.198037037,-0.0248,-0.248185185,-0.008266667,-0.254
19.15,-0.027933333,-0.072740741,-0.028733333,-0.125518519,-0.029466667,-0.146777778,-0.0364,-0.187962963,-0.021066667,-0.223888889
19.2,-0.030266667,-0.016962963,-0.033866667,-0.065111111,-0.035666667,-0.082851852,-0.044333333,-0.109333333,-0.031466667,-0.172666667
19.25,-0.029666667,0.039814815,-0.035533333,0.002148148,-0.038066667,-0.011185185,-0.0478,-0.01937037,-0.039066667,-0.103333333
19.3,-0.026133333,0.09262963,-0.0336,0.06837037,-0.0368,0.06062963,-0.046266667,0.071074074,-0.042266667,-0.022888889
19.35,-0.020066667,0.136592593,-0.0284,0.127222222,-0.031733333,0.125814815,-0.0404,0.153888889,-0.041333333,0.057666667
19.4,-0.011933333,0.166851852,-0.0204,0.17362963,-0.023666667,0.177444444,-0.030266667,0.220962963,-0.036266667,0.132
19.45,-0.0026,0.178481481,-0.010266667,0.201259259,-0.013333333,0.212037037,-0.017266667,0.263148148,-0.027466667,0.190518519
19.5,0.0066,0.172555556,0.000533333,0.208518519,-0.0016,0.224962963,-0.002933333,0.27937037,-0.016466667,0.229888889
19.55,0.015266667,0.150481481,0.0114,0.195037037,0.010133333,0.213925926,0.011733333,0.268407407,-0.003666667,0.247777778
19.6,0.022333333,0.112074074,0.020866667,0.161185185,0.020666667,0.181111111,0.025,0.230444444,0.009466667,0.238037037
19.65,0.026933333,0.062407407,0.028133333,0.111851852,0.029,0.129666667,0.035666667,0.169925926,0.021066667,0.204814815
19.7,0.028733333,0.007851852,0.032466667,0.051851852,0.034,0.067888889,0.042666667,0.092407407,0.030733333,0.151518519
19.75,0.027733333,-0.047037037,0.033466667,-0.012296296,0.036066667,-0.000592593,0.045333333,0.004888889,0.0368,0.083592593
19.8,0.023933333,-0.098555556,0.031266667,-0.076333333,0.034,-0.069814815,0.043133333,-0.082148148,0.0394,0.007925926
19.85,0.0174,-0.138740741,0.025533333,-0.132666667,0.028733333,-0.130703704,0.036666667,-0.158740741,0.037666667,-0.069
19.9,0.009466667,-0.164259259,0.017333333,-0.173259259,0.0204,-0.178259259,0.0266,-0.218740741,0.032133333,-0.137074074
19.95,0.000333333,-0.173296296,0.007533333,-0.196518519,0.010133333,-0.206555556,0.014,-0.257888889,0.023333333,-0.189851852
20,-0.0086,-0.164037037,-0.003133333,-0.19937037,-0.001066667,-0.214148148,-0.000266667,-0.270259259,0.012333333,-0.222481481
20.05,-0.016733333,-0.138333333,-0.0132,-0.182333333,-0.0122,-0.199148148,-0.0142,-0.253925926,0.000266667,-0.233925926
20.1,-0.023,-0.098518519,-0.022066667,-0.147592593,-0.0218,-0.164,-0.026666667,-0.212185185,-0.011933333,-0.222814815
20.15,-0.026866667,-0.050888889,-0.028533333,-0.098407408,-0.029133333,-0.114518519,-0.0362,-0.15037037,-0.023,-0.187888889
20.2,-0.028333333,0.002259259,-0.032266667,-0.04,-0.033666667,-0.054444444,-0.042266667,-0.074481481,-0.031533333,-0.133111111
20.25,-0.0266,0.054481481,-0.032733333,0.023074074,-0.034866667,0.012111111,-0.043933333,0.008444444,-0.036733333,-0.066740741
20.3,-0.0226,0.100185185,-0.029866667,0.083592593,-0.0324,0.077407407,-0.041333333,0.089518519,-0.038466667,0.006037037
20.35,-0.016266667,0.137259259,-0.024,0.135037037,-0.0268,0.134555556,-0.034666667,0.162111111,-0.036133333,0.078296296
20.4,-0.008333333,0.160555556,-0.015733333,0.171259259,-0.0184,0.177814815,-0.024466667,0.218148148,-0.030266667,0.141555556
20.45,0.000466667,0.167037037,-0.006266667,0.191222222,-0.0082,0.201259259,-0.011866667,0.250407407,-0.021333333,0.189037037
20.5,0.009133333,0.155074074,0.0042,0.191148148,0.002533333,0.204185185,0.001533333,0.257962963,-0.0106,0.217185185
20.55,0.0166,0.12737037,0.013733333,0.170111111,0.013,0.187,0.014933333,0.24,0.001266667,0.223185185
20.6,0.022266667,0.088925926,0.021733333,0.13462963,0.022066667,0.149777778,0.0266,0.196296296,0.0126,0.206777778
20.65,0.025866667,0.041407407,0.027666667,0.086777778,0.028533333,0.098444444,0.035266667,0.134222222,0.0228,0.169148148
20.7,0.026533333,-0.009518519,0.030866667,0.028666667,0.0322,0.039,0.040533333,0.059185185,0.030266667,0.113444444
20.75,0.024933333,-0.060259259,0.030666667,-0.032666667,0.0326,-0.02437037,0.041466667,-0.022259259,0.034466667,0.048740741
20.8,0.020266667,-0.104814815,0.0274,-0.089666667,0.029733333,-0.086111111,0.038133333,-0.099888889,0.035266667,-0.019481481
20.85,0.013866667,-0.136,0.021333333,-0.137259259,0.0236,-0.138296296,0.031066667,-0.167,0.032466667,-0.085851852
20.9,0.0062,-0.154703704,0.013133333,-0.170888889,0.0152,-0.174074074,0.020733333,-0.216518519,0.026333333,-0.143407407
20.95,-0.0022,-0.158111111,0.003466667,-0.18562963,0.005533333,-0.192703704,0.008466667,-0.242814815,0.017533333,-0.186185185
21,-0.010266667,-0.145518519,-0.0062,-0.181222222,-0.004733333,-0.193555556,-0.004466667,-0.245555556,0.006933333,-0.20937037
21.05,-0.017333333,-0.118333333,-0.015333333,-0.159444445,-0.014733333,-0.172814815,-0.017066667,-0.223740741,-0.004266667,-0.210962963
21.1,-0.022533333,-0.079962963,-0.022733333,-0.12262963,-0.022733333,-0.13437037,-0.027733333,-0.179592593,-0.015066667,-0.190296296
21.15,-0.025666667,-0.033444444,-0.028066667,-0.074,-0.0286,-0.084296296,-0.035733333,-0.117666667,-0.024,-0.151444444
21.2,-0.026,0.016185185,-0.030466667,-0.01737037,-0.031466667,-0.026555556,-0.04,-0.043444444,-0.0308,-0.097814815
21.25,-0.023933333,0.06337037,-0.029866667,0.040703704,-0.031333333,0.033185185,-0.0402,0.034,-0.0342,-0.034074074
21.3,-0.019466667,0.105,-0.0262,0.094185185,-0.028066667,0.090407407,-0.036466667,0.107777778,-0.034266667,0.03162963
21.35,-0.013,0.135703704,-0.02,0.137,-0.021933333,0.138518519,-0.028866667,0.168518519,-0.030933333,0.094222222
21.4,-0.005266667,0.151333333,-0.012066667,0.167666667,-0.0136,0.171592593,-0.018933333,0.212074074,-0.0244,0.146
21.45,0.002733333,0.151814815,-0.002533333,0.180888889,-0.004066667,0.186851852,-0.006933333,0.236185185,-0.015666667,0.181740741
21.5,0.010466667,0.137925926,0.006933333,0.172962963,0.005866667,0.182703704,0.005733333,0.234851852,-0.0056,0.200592593
21.55,0.017066667,0.110333333,0.015333333,0.149481481,0.014933333,0.160148148,0.017533333,0.209333333,0.0052,0.199074074
21.6,0.022,0.070814815,0.0224,0.112296296,0.022466667,0.122481481,0.027466667,0.163259259,0.015266667,0.175037037
21.65,0.024466667,0.023703704,0.027133333,0.062111111,0.027733333,0.071666667,0.034466667,0.101740741,0.023333333,0.134555556
21.7,0.024333333,-0.02337037,0.0288,0.006777778,0.029866667,0.01462963,0.038066667,0.029925926,0.029133333,0.082555556
21.75,0.022,-0.067407407,0.0278,-0.04862963,0.0292,-0.042925926,0.037533333,-0.044074074,0.032,0.021259259
21.8,0.017333333,-0.104703704,0.023733333,-0.098814815,0.025466667,-0.096962963,0.033466667,-0.113296296,0.0314,-0.042888889
21.85,0.0112,-0.132888889,0.017533333,-0.139037037,0.019066667,-0.140185185,0.0258,-0.171703704,0.0274,-0.100259259
21.9,0.003466667,-0.146888889,0.009266667,-0.165037037,0.0108,-0.167777778,0.015533333,-0.211444444,0.020933333,-0.146555556
21.95,-0.0042,-0.144148148,0.000266667,-0.172592593,0.0016,-0.178037037,0.003733333,-0.228555556,0.012133333,-0.177481481
22,-0.011466667,-0.127888889,-0.008666667,-0.163,-0.007666667,-0.171185185,-0.0082,-0.223111111,0.002466667,-0.19037037
22.05,-0.0174,-0.100444444,-0.016666667,-0.137518519,-0.0162,-0.147296296,-0.019466667,-0.195259259,-0.0076,-0.185148148
22.1,-0.021933333,-0.062814815,-0.022933333,-0.099037037,-0.023,-0.108407407,-0.028533333,-0.147407407,-0.016866667,-0.160074074
22.15,-0.024,-0.017925926,-0.026866667,-0.052333333,-0.027466667,-0.058814815,-0.0348,-0.084888889,-0.024266667,-0.118925926
22.2,-0.023733333,0.027703704,-0.028466667,0.000962963,-0.029133333,-0.003185185,-0.037333333,-0.014518519,-0.029133333,-0.067481481
22.25,-0.021066667,0.069703704,-0.0268,0.054703704,-0.027733333,0.051481481,-0.0362,0.055185185,-0.0312,-0.010777778
22.3,-0.016533333,0.105407407,-0.022666667,0.101222222,-0.023733333,0.1,-0.0316,0.119222222,-0.0304,0.049259259
22.35,-0.010133333,0.130925926,-0.016333333,0.138444444,-0.017333333,0.138296296,-0.0238,0.171148148,-0.026066667,0.104074074
22.4,-0.002866667,0.142407407,-0.008266667,0.161518518,-0.009333333,0.162481481,-0.0138,0.205851852,-0.019466667,0.146518519
22.45,0.004733333,0.138481481,0.000533333,0.167074074,-0.000466667,0.170740741,-0.0024,0.219888889,-0.0108,0.173555556
22.5,0.011533333,0.12062963,0.009133333,0.155333333,0.0084,0.162037037,0.009133333,0.210703704,-0.0014,0.182592593
22.55,0.017266667,0.090962963,0.016733333,0.127296296,0.016533333,0.134740741,0.019533333,0.179888889,0.008133333,0.174148148
22.6,0.020933333,0.053333333,0.022266667,0.088333333,0.0224,0.094074074,0.0278,0.131740741,0.0168,0.146740741
22.65,0.0228,0.010703704,0.025866667,0.041666667,0.026133333,0.047037037,0.033266667,0.070111111,0.0234,0.104592593
22.7,0.022066667,-0.033296296,0.026666667,-0.010074074,0.0274,-0.006222222,0.035,0.003148148,0.0276,0.053222222
22.75,0.019333333,-0.073777778,0.024733333,-0.059481481,0.025466667,-0.05837037,0.033533333,-0.062925926,0.028933333,-0.003222222
22.8,0.0144,-0.106962963,0.020533333,-0.103666667,0.021266667,-0.10362963,0.028533333,-0.123851852,0.027266667,-0.059148148
22.85,0.008133333,-0.127962963,0.014,-0.138074074,0.014733333,-0.138888889,0.0206,-0.171407407,0.022733333,-0.108222222
22.9,0.001133333,-0.136814815,0.006,-0.155740741,0.006733333,-0.158481481,0.010733333,-0.202074074,0.016,-0.145888889
22.95,-0.006133333,-0.131259259,-0.002133333,-0.158703704,-0.0018,-0.161296296,-0.000466667,-0.211407407,0.007533333,-0.168111111
23,-0.012466667,-0.113296296,-0.010466667,-0.146333333,-0.01,-0.14862963,-0.011333333,-0.198111111,-0.0016,-0.171518519
23.05,-0.017933333,-0.083777778,-0.0174,-0.118592593,-0.0172,-0.122111111,-0.021,-0.166,-0.010266667,-0.158407407
23.1,-0.021266667,-0.044518519,-0.022733333,-0.079962963,-0.022666667,-0.084037037,-0.0286,-0.117259259,-0.017933333,-0.131740741
23.15,-0.0224,-0.003481481,-0.0258,-0.032037037,-0.026,-0.036555556,-0.0332,-0.056851852,-0.024,-0.091444444
23.2,-0.021666667,0.038481481,-0.026066667,0.018962963,-0.026466667,0.01462963,-0.034466667,0.008296296,-0.027533333,-0.040703704
23.25,-0.018466667,0.077407407,-0.023666667,0.065296296,-0.024466667,0.064074074,-0.032333333,0.072444444,-0.0282,0.013592593
23.3,-0.013533333,0.107222222,-0.019333333,0.105814815,-0.0198,0.106740741,-0.026866667,0.128074074,-0.026,0.064481481
23.35,-0.007266667,0.125407407,-0.012666667,0.135703704,-0.013266667,0.136703704,-0.019066667,0.171481481,-0.021533333,0.109296296
23.4,-0.000533333,0.131518519,-0.0052,0.151592593,-0.005533333,0.152111111,-0.009,0.197037037,-0.014666667,0.143518519
23.45,0.0064,0.12462963,0.003066667,0.152703704,0.002533333,0.152444444,0.001533333,0.201037037,-0.006533333,0.161962963
23.5,0.012466667,0.104592593,0.0108,0.136481481,0.0102,0.139518519,0.0118,0.186444444,0.0022,0.163666667
23.55,0.017266667,0.074259259,0.0172,0.107666667,0.017133333,0.111185185,0.020933333,0.152851852,0.010533333,0.148074074
23.6,0.0202,0.036333333,0.021933333,0.069111111,0.0218,0.071148148,0.0278,0.102518519,0.017533333,0.118777778
23.65,0.021,-0.004333333,0.0244,0.023592593,0.024466667,0.025037037,0.031533333,0.043,0.022866667,0.077888889
23.7,0.019733333,-0.044148148,0.0244,-0.024481481,0.0244,-0.023407407,0.032133333,-0.018444444,0.025666667,0.028740741
23.75,0.0164,-0.079296296,0.021866667,-0.070222222,0.022,-0.068703704,0.029666667,-0.078592593,0.025866667,-0.023333333
23.8,0.011466667,-0.106111111,0.017066667,-0.108259259,0.017266667,-0.107148148,0.024,-0.131407407,0.0232,-0.072259259
23.85,0.0054,-0.122777778,0.010533333,-0.134111111,0.0108,-0.133703704,0.015933333,-0.169888889,0.018266667,-0.112333333
23.9,-0.001333333,-0.126518519,0.003133333,-0.146555556,0.003333333,-0.146333333,0.006333333,-0.191148148,0.011533333,-0.141074074
23.95,-0.0078,-0.116851852,-0.004666667,-0.144925926,-0.0044,-0.144518519,-0.004,-0.192222222,0.0036,-0.155518519
24,-0.013466667,-0.095814815,-0.012,-0.127888889,-0.011666667,-0.128703704,-0.013666667,-0.173814815,-0.004733333,-0.152851852
24.05,-0.017733333,-0.06562963,-0.017933333,-0.098481481,-0.0178,-0.099777778,-0.022,-0.139148148,-0.012266667,-0.135296296
24.1,-0.020266667,-0.02937037,-0.0222,-0.059925926,-0.022066667,-0.060481481,-0.0282,-0.089666667,-0.018733333,-0.105296296
24.15,-0.020866667,0.011074074,-0.024266667,-0.013888889,-0.024066667,-0.015481481,-0.031333333,-0.031185185,-0.023266667,-0.064111111
24.2,-0.019066667,0.049444444,-0.023533333,0.031666667,-0.023666667,0.030740741,-0.031333333,0.028592593,-0.0254,-0.016740741
24.25,-0.015666667,0.081814815,-0.020933333,0.073333333,-0.020866667,0.073666667,-0.0284,0.085814815,-0.024933333,0.031037037
24.3,-0.010533333,0.10537037,-0.016,0.108925926,-0.015933333,0.107740741,-0.0224,0.134074074,-0.022133333,0.074851852
24.35,-0.004733333,0.118777778,-0.009533333,0.132296296,-0.009666667,0.130888889,-0.014333333,0.166851852,-0.0172,0.111888889
24.4,0.0018,0.120592593,-0.0022,0.141666667,-0.002266667,0.140037037,-0.005133333,0.184111111,-0.010466667,0.137111111
24.45,0.0078,0.110333333,0.0052,0.136814815,0.004866667,0.13562963,0.0048,0.182962963,-0.002933333,0.148333333
24.5,0.013333333,0.087925926,0.012,0.118703704,0.011733333,0.119222222,0.014,0.161814815,0.005,0.143851852
24.55,0.017,0.055888889,0.017466667,0.090037037,0.0174,0.08862963,0.0216,0.124888889,0.012066667,0.124111111
24.6,0.019066667,0.01962963,0.021466667,0.050740741,0.021,0.048444444,0.026933333,0.07637037,0.017866667,0.092703704
24.65,0.018933333,-0.016703704,0.022733333,0.006333333,0.022333333,0.005185185,0.029533333,0.020592593,0.021733333,0.051666667
24.7,0.0174,-0.05237037,0.022066667,-0.037703704,0.021466667,-0.037074074,0.029066667,-0.036925926,0.023133333,0.007481481
24.75,0.013533333,-0.083518519,0.018933333,-0.079666667,0.018466667,-0.075259259,0.025666667,-0.090259259,0.022533333,-0.037703704
24.8,0.008666667,-0.10537037,0.0136,-0.110444444,0.013666667,-0.106333333,0.019666667,-0.134185185,0.0192,-0.078851852
24.85,0.002533333,-0.115851852,0.0074,-0.129259259,0.007466667,-0.127592593,0.011733333,-0.164777778,0.014333333,-0.111925926
24.9,-0.003466667,-0.113185185,0.000266667,-0.136592593,0.000333333,-0.134851852,0.002466667,-0.177666667,0.0076,-0.134259259
24.95,-0.009133333,-0.100925926,-0.006866667,-0.129259259,-0.006666667,-0.126740741,-0.0068,-0.171740741,0.0002,-0.140111111
25,-0.013933333,-0.079037037,-0.0132,-0.108703704,-0.0128,-0.10662963,-0.015333333,-0.149592593,-0.006933333,-0.132444444
25.05,-0.0174,-0.048666667,-0.018133333,-0.077888889,-0.017666667,-0.077259259,-0.022333333,-0.112851852,-0.013533333,-0.112037037
25.1,-0.019,-0.013296296,-0.021266667,-0.040037037,-0.020866667,-0.039814815,-0.027066667,-0.065037037,-0.0186,-0.080444444
25.15,-0.018733333,0.022481481,-0.022266667,0.001222222,-0.021866667,0.002444444,-0.029133333,-0.010185185,-0.021866667,-0.041481481
25.2,-0.016666667,0.056037037,-0.021133333,0.042296296,-0.020533333,0.043111111,-0.028066667,0.044740741,-0.022866667,0.000777778
25.25,-0.012866667,0.083333333,-0.017933333,0.080111111,-0.017333333,0.078444444,-0.024466667,0.09462963,-0.0218,0.043148148
25.3,-0.008066667,0.103259259,-0.0128,0.109777778,-0.0124,0.106111111,-0.018266667,0.135555556,-0.0184,0.081518519
25.35,-0.002133333,0.112777778,-0.0064,0.126296296,-0.006266667,0.122518519,-0.0102,0.160074074,-0.013333333,0.111666667
25.4,0.0038,0.10862963,0.000333333,0.130037037,0.000333333,0.126666667,-0.001733333,0.170259259,-0.006733333,0.129555556
25.45,0.009133333,0.094148148,0.007133333,0.120518519,0.006933333,0.117555556,0.007466667,0.163962963,0.000266667,0.132111111
25.5,0.013533333,0.071148148,0.0128,0.100148148,0.0126,0.096111111,0.015466667,0.138851852,0.006933333,0.122518519
25.55,0.016466667,0.042111111,0.017533333,0.069962963,0.016866667,0.066111111,0.0218,0.101518519,0.013,0.100814815
25.6,0.018,0.007481481,0.020133333,0.031888889,0.0194,0.030777778,0.026066667,0.053296296,0.0174,0.069481481
25.65,0.017333333,-0.029222222,0.020866667,-0.00962963,0.020133333,-0.008518519,0.027333333,-0.000148148,0.0202,0.031740741
25.7,0.0148,-0.060407407,0.019066667,-0.049037037,0.018533333,-0.047222222,0.026,-0.052555556,0.020733333,-0.009703704
25.75,0.011,-0.08437037,0.015733333,-0.082592593,0.015133333,-0.079814815,0.022,-0.101555556,0.019133333,-0.049111111
25.8,0.006133333,-0.10137037,0.010466667,-0.10762963,0.010266667,-0.104666667,0.0152,-0.136296296,0.015666667,-0.084148148
25.85,0.000333333,-0.106222222,0.004466667,-0.120740741,0.004266667,-0.119,0.0078,-0.156777778,0.010333333,-0.10962963
25.9,-0.004866667,-0.101296296,-0.001933333,-0.124296296,-0.002266667,-0.118814815,-0.000933333,-0.164074074,0.0042,-0.122925926
25.95,-0.010133333,-0.087259259,-0.008466667,-0.115185185,-0.008066667,-0.107037037,-0.0094,-0.152777778,-0.002466667,-0.123518519
26,-0.014,-0.063703704,-0.014066667,-0.091962963,-0.013266667,-0.086703704,-0.0168,-0.126555556,-0.0086,-0.112444444
26.05,-0.016733333,-0.034185185,-0.018,-0.059851852,-0.017133333,-0.057037037,-0.022533333,-0.088,-0.014133333,-0.090666667
26.1,-0.017533333,-0.001444444,-0.020266667,-0.022222222,-0.0192,-0.021814815,-0.026,-0.04,-0.018066667,-0.059222222
26.15,-0.016933333,0.032037037,-0.020266667,0.016666667,-0.0194,0.015592593,-0.0266,0.010333333,-0.020266667,-0.022259259
26.2,-0.0142,0.062296296,-0.018466667,0.052592593,-0.017533333,0.050555556,-0.024933333,0.059703704,-0.0204,0.017185185
26.25,-0.010333333,0.084259259,-0.014866667,0.084259259,-0.014133333,0.080259259,-0.0204,0.102962963,-0.018466667,0.054444444
26.3,-0.005533333,0.099111111,-0.009666667,0.106851852,-0.0092,0.101962963,-0.0142,0.13537037,-0.014666667,0.084962963
26.35,0,0.103333333,-0.003733333,0.118444444,-0.003533333,0.113333333,-0.006266667,0.153185185,-0.0096,0.106185185
26.4,0.005333333,0.095259259,0.0026,0.118777778,0.002666667,0.111962963,0.001733333,0.155444444,-0.003666667,0.117259259
26.45,0.009866667,0.07837037,0.008666667,0.10637037,0.008133333,0.098962963,0.009866667,0.142666667,0.002666667,0.115518519
26.5,0.0134,0.055037037,0.013733333,0.082222222,0.012866667,0.077555556,0.0166,0.115037037,0.008333333,0.102407407
26.55,0.015533333,0.02737037,0.017133333,0.051185185,0.0162,0.048518519,0.0218,0.076444444,0.0132,0.080925926
26.6,0.016333333,-0.00437037,0.019,0.015962963,0.017933333,0.01437037,0.0246,0.029444444,0.016866667,0.049518519
26.65,0.015066667,-0.035481481,0.018866667,-0.021814815,0.017666667,-0.020777778,0.0248,-0.01937037,0.018333333,0.01337037
26.7,0.0126,-0.062333333,0.016733333,-0.057296296,0.0158,-0.054111111,0.022533333,-0.065222222,0.0182,-0.023148148
26.75,0.0086,-0.083111111,0.0128,-0.085259259,0.012,-0.081222222,0.018066667,-0.105074074,0.016,-0.058333333
26.8,0.003933333,-0.094962963,0.007866667,-0.104481482,0.007266667,-0.098666667,0.011533333,-0.133148148,0.012,-0.085222222
26.85,-0.001266667,-0.097481481,0.002,-0.114185185,0.0018,-0.107148148,0.0042,-0.147518519,0.007133333,-0.103407407
26.9,-0.006266667,-0.089111111,-0.004066667,-0.111592593,-0.003866667,-0.104888889,-0.003733333,-0.148259259,0.001266667,-0.111333333
26.95,-0.010466667,-0.072962963,-0.0096,-0.097925926,-0.009133333,-0.091666667,-0.011266667,-0.133296296,-0.004466667,-0.107740741
27,-0.013866667,-0.049259259,-0.0142,-0.075185185,-0.013466667,-0.068222222,-0.0176,-0.104888889,-0.009933333,-0.09337037
27.05,-0.0156,-0.02062963,-0.017466667,-0.044185185,-0.0162,-0.038444444,-0.0222,-0.065518519,-0.0142,-0.069259259
27.1,-0.016,0.009814815,-0.0188,-0.00862963,-0.017333333,-0.007111111,-0.0244,-0.020037037,-0.017133333,-0.038444444
27.15,-0.014533333,0.038518519,-0.018333333,0.027222222,-0.017,0.025703704,-0.0242,0.025888889,-0.018133333,-0.004814815
27.2,-0.012,0.06337037,-0.016,0.06062963,-0.014666667,0.056,-0.021666667,0.068444444,-0.0176,0.028592593
27.25,-0.008,0.082703704,-0.011933333,0.086259259,-0.011133333,0.079962963,-0.017133333,0.104851852,-0.015266667,0.060703704
27.3,-0.003333333,0.092555556,-0.007,0.102666667,-0.0064,0.096444444,-0.0108,0.131296296,-0.0112,0.085148148
27.35,0.001666667,0.092444444,-0.001333333,0.11,-0.001,0.101481481,-0.0034,0.143222222,-0.006333333,0.099740741
27.4,0.006266667,0.083185185,0.004466667,0.105888889,0.0042,0.095555556,0.004133333,0.14,-0.000866667,0.104740741
27.45,0.010266667,0.06637037,0.009666667,0.091222222,0.0088,0.082148148,0.011133333,0.123,0.004533333,0.099592593
27.5,0.0132,0.042444444,0.014,0.066629629,0.0128,0.059777778,0.016933333,0.093666667,0.009533333,0.083851852
27.55,0.014733333,0.013518519,0.016666667,0.03437037,0.015066667,0.030814815,0.020866667,0.055296296,0.013266667,0.059444444
27.6,0.014533333,-0.015518519,0.0174,0.001592593,0.015866667,0.001,0.0226,0.012814815,0.015666667,0.029814815
27.65,0.013066667,-0.042037037,0.0168,-0.030740741,0.0152,-0.029444444,0.0222,-0.030888889,0.0164,-0.003259259
27.7,0.0102,-0.064777778,0.014333333,-0.062,0.012866667,-0.057740741,0.019466667,-0.072666667,0.015333333,-0.035814815
27.75,0.006333333,-0.081074074,0.010333333,-0.08662963,0.0092,-0.080259259,0.0146,-0.106481481,0.0126,-0.06337037
27.8,0.001733333,-0.08862963,0.005266667,-0.101555556,0.0044,-0.092592593,0.008333333,-0.128518519,0.008666667,-0.083148148
27.85,-0.002866667,-0.087481481,-0.000333333,-0.104407408,-0.000466667,-0.094925926,0.001266667,-0.137851852,0.004,-0.095185185
27.9,-0.0074,-0.077074074,-0.005533333,-0.097703704,-0.0054,-0.088851852,-0.006066667,-0.132111111,-0.0012,-0.098111111
27.95,-0.010866667,-0.059111111,-0.0104,-0.082814815,-0.009666667,-0.074555556,-0.012533333,-0.112148148,-0.006266667,-0.090222222
28,-0.013466667,-0.036555556,-0.0142,-0.058888889,-0.0132,-0.052074074,-0.017666667,-0.082185185,-0.0106,-0.073037037
28.05,-0.0148,-0.008222222,-0.016533333,-0.029,-0.015133333,-0.023555556,-0.021,-0.045518519,-0.0138,-0.049592593
28.1,-0.014266667,0.019851852,-0.0172,0.003592593,-0.0156,0.006481481,-0.022333333,-0.005592593,-0.015733333,-0.02162963
28.15,-0.012666667,0.044703704,-0.016133333,0.035333333,-0.0144,0.034703704,-0.021666667,0.036296296,-0.016066667,0.008666667
28.2,-0.0096,0.064555556,-0.013533333,0.063481481,-0.012,0.059296296,-0.0186,0.075148148,-0.014866667,0.038666667
28.25,-0.005933333,0.077666667,-0.009533333,0.085148148,-0.0082,0.077333333,-0.0138,0.105592593,-0.012,0.063888889
28.3,-0.0016,0.084259259,-0.0046,0.096925926,-0.003933333,0.087222222,-0.007533333,0.123925926,-0.0082,0.082074074
28.35,0.0028,0.082851852,0.000533333,0.099111111,0.0008,0.089444444,-0.000933333,0.130037037,-0.0034,0.090814815
28.4,0.007133333,0.07137037,0.005666667,0.091962963,0.0054,0.082185185,0.005933333,0.124074074,0.001266667,0.090037037
28.45,0.0102,0.052962963,0.010133333,0.075074074,0.0094,0.065814815,0.012,0.105148148,0.005866667,0.081814815
28.5,0.012533333,0.030925926,0.013466667,0.050888889,0.0122,0.043518519,0.016866667,0.075740741,0.0098,0.064888889
28.55,0.013533333,0.004074074,0.0154,0.022074074,0.013933333,0.016814815,0.019933333,0.037851852,0.012666667,0.040703704
28.6,0.012933333,-0.02262963,0.015733333,-0.008407407,0.013933333,-0.011148148,0.020733333,-0.002703704,0.014066667,0.011888889
28.65,0.011066667,-0.045296296,0.014533333,-0.038111111,0.012733333,-0.037148148,0.0196,-0.041925926,0.0138,-0.016222222
28.7,0.008266667,-0.064,0.0118,-0.06437037,0.010066667,-0.059296296,0.016466667,-0.078259259,0.012333333,-0.041666667
28.75,0.004466667,-0.077111111,0.0078,-0.083444444,0.006533333,-0.074814815,0.011333333,-0.10462963,0.009466667,-0.062703704
28.8,0.0002,-0.081777778,0.003066667,-0.093185185,0.002333333,-0.083555556,0.0056,-0.12062963,0.0058,-0.077185185
28.85,-0.004066667,-0.077703704,-0.001866667,-0.093888889,-0.0022,-0.083111111,-0.001133333,-0.12562963,0.001466667,-0.084333333
28.9,-0.007866667,-0.065925926,-0.006666667,-0.085703704,-0.006333333,-0.073851852,-0.0076,-0.115851852,-0.003,-0.08262963
28.95,-0.010933333,-0.047444444,-0.0108,-0.068666667,-0.009866667,-0.05737037,-0.013133333,-0.095259259,-0.007133333,-0.072518519
29,-0.0128,-0.024259259,-0.0138,-0.044888889,-0.012333333,-0.034777778,-0.017466667,-0.065740741,-0.010466667,-0.056444444
29.05,-0.0134,0.00037037,-0.015466667,-0.016555556,-0.0134,-0.010148148,-0.02,-0.029222222,-0.013066667,-0.033740741
29.1,-0.0128,0.025481481,-0.015533333,0.013481482,-0.013333333,0.014518519,-0.020466667,0.009407407,-0.013933333,-0.008185185
29.15,-0.010733333,0.047666667,-0.014066667,0.042185185,-0.012,0.03937037,-0.019066667,0.047777778,-0.013933333,0.018481481
29.2,-0.0078,0.064259259,-0.011066667,0.065259259,-0.0092,0.05962963,-0.0154,0.07962963,-0.012133333,0.045148148
29.25,-0.004066667,0.074555556,-0.007333333,0.082407407,-0.005733333,0.07262963,-0.0108,0.103592593,-0.009066667,0.064296296
29.3,0,0.076518519,-0.002466667,0.090777778,-0.001666667,0.078444444,-0.004666667,0.11762963,-0.0054,0.076
29.35,0.003866667,0.071222222,0.0022,0.088592593,0.002533333,0.074592593,0.001533333,0.118111111,-0.0012,0.080259259
29.4,0.0074,0.059,0.0066,0.079814815,0.006,0.064814815,0.0076,0.107074074,0.003,0.075703704
29.45,0.01,0.040962963,0.010533333,0.06237037,0.0092,0.049814815,0.012666667,0.085222222,0.006666667,0.063740741
29.5,0.0116,0.019814815,0.0132,0.037,0.011266667,0.028555556,0.0164,0.056,0.009533333,0.046962963
29.55,0.012133333,-0.004481481,0.014333333,0.008666667,0.012133333,0.005111111,0.018533333,0.020518519,0.0116,0.024777778
29.6,0.011133333,-0.028222222,0.014,-0.018851852,0.0118,-0.019037037,0.018533333,-0.016814815,0.012133333,4.00E-15
29.65,0.009133333,-0.048037037,0.0124,-0.04462963,0.010133333,-0.040814815,0.016733333,-0.051444444,0.011533333,-0.023703704
29.7,0.006133333,-0.062851852,0.0094,-0.066333333,0.0076,-0.059037037,0.013133333,-0.079925926,0.0096,-0.043888889
29.75,0.0026,-0.071259259,0.0054,-0.079777778,0.003933333,-0.070185185,0.0084,-0.099888889,0.007066667,-0.061148148
29.8,-0.001266667,-0.072666667,0.001066667,-0.08462963,0.0002,-0.072407407,0.0028,-0.110777778,0.003266667,-0.07262963
29.85,-0.005,-0.066037037,-0.003266667,-0.083037037,-0.003533333,-0.06837037,-0.003133333,-0.110407407,-0.0006,-0.074740741
29.9,-0.008133333,-0.052777778,-0.0076,-0.072666667,-0.006933333,-0.057148148,-0.008666667,-0.099185185,-0.004533333,-0.068814815
29.95,-0.010466667,-0.034703704,-0.010933333,-0.053333333,-0.0094,-0.04162963,-0.013466667,-0.077703704,-0.0078,-0.055185185
30,-0.011733333,-0.013444444,-0.013066667,-0.029888889,-0.011266667,-0.021888889,-0.0168,-0.047592593,-0.010133333,-0.038444444
30.05,-0.0118,0.008037037,-0.014,-0.004296296,-0.011733333,0.000851852,-0.018333333,-0.014037037,-0.0118,-0.017888889
30.1,-0.010933333,0.029259259,-0.013533333,0.021925926,-0.011133333,0.022666667,-0.018266667,0.021,-0.012066667,0.005407407
30.15,-0.0088,0.048296296,-0.011666667,0.045111111,-0.009333333,0.041481481,-0.0162,0.054592593,-0.0112,0.027555556
30.2,-0.005866667,0.061740741,-0.008933333,0.065037037,-0.0068,0.055592593,-0.012533333,0.08162963,-0.009133333,0.045888889
30.25,-0.0024,0.069222222,-0.004866667,0.077740741,-0.0036,0.064888889,-0.007666667,0.099518519,-0.006466667,0.06
30.3,0.0014,0.068518519,-0.000666667,0.079740741,0,0.066777778,-0.002133333,0.106481481,-0.002933333,0.068555556
30.35,0.004733333,0.060777778,0.003266667,0.076296296,0.003333333,0.062222222,0.0034,0.102925926,0.0008,0.068037037
30.4,0.007666667,0.047777778,0.0072,0.066296296,0.006466667,0.05137037,0.008466667,0.090814815,0.004133333,0.060777778
30.45,0.009733333,0.029555556,0.010266667,0.048148148,0.008666667,0.035481481,0.012866667,0.069296296,0.007,0.049296296
30.5,0.010733333,0.008592593,0.0122,0.025222222,0.0102,0.015407407,0.015733333,0.039851852,0.009333333,0.031777778
30.55,0.0106,-0.012666667,0.012866667,-6.67E-11,0.010266667,-0.006111111,0.017,0.006592593,0.010333333,0.010555556
30.6,0.0094,-0.032259259,0.0122,-0.025037037,0.009466667,-0.025296296,0.0164,-0.026888889,0.0104,-0.011222222
30.65,0.0072,-0.047925926,0.010266667,-0.047518518,0.007666667,-0.042259259,0.014133333,-0.056333333,0.0092,-0.032111111
30.7,0.004466667,-0.059592593,0.0072,-0.064296296,0.005066667,-0.05462963,0.010533333,-0.079851852,0.006933333,-0.047407407
30.75,0.001066667,-0.066259259,0.0036,-0.074777778,0.001933333,-0.060666667,0.005866667,-0.095851852,0.0042,-0.056740741
30.8,-0.002533333,-0.064518519,-0.000533333,-0.07837037,-0.001266667,-0.060148148,0.000533333,-0.101888889,0.001133333,-0.062
30.85,-0.005666667,-0.055925926,-0.004666667,-0.072111111,-0.004266667,-0.054555556,-0.004733333,-0.097592593,-0.0022,-0.061814815
30.9,-0.008266667,-0.042814815,-0.008,-0.059222222,-0.006933333,-0.043592593,-0.009533333,-0.084740741,-0.005333333,-0.054777778
30.95,-0.010133333,-0.025259259,-0.0108,-0.040814815,-0.0088,-0.028333333,-0.013666667,-0.061333333,-0.008,-0.040555556
31,-0.011,-0.003555556,-0.0122,-0.019185185,-0.009933333,-0.009481481,-0.015933333,-0.03137037,-0.009533333,-0.02262963
31.05,-0.0104,0.016814815,-0.0128,0.004333333,-0.009733333,0.009518519,-0.016866667,0.000666667,-0.0102,-0.004962963
31.1,-0.0092,0.034407407,-0.0118,0.028185185,-0.008866667,0.026222222,-0.015866667,0.03237037,-0.010066667,0.013259259
31.15,-0.006866667,0.049074074,-0.0098,0.047962963,-0.007133333,0.042185185,-0.0134,0.058888889,-0.008933333,0.031740741
31.2,-0.004,0.057185185,-0.0068,0.062740741,-0.0044,0.052407407,-0.009733333,0.079333333,-0.006666667,0.045518519
31.25,-0.001,0.061,-0.003266667,0.071037037,-0.0016,0.056037037,-0.0052,0.092555556,-0.004133333,0.05362963
31.3,0.002333333,0.058777778,0.000533333,0.073074074,0.0014,0.054333333,-0.000133333,0.096962963,-0.0012,0.057925926
31.35,0.005133333,0.050407407,0.004333333,0.067777778,0.004,0.048,0.004933333,0.090851852,0.001933333,0.055592593
31.4,0.0076,0.03662963,0.007666667,0.054259259,0.0064,0.036888889,0.009333333,0.075074074,0.004666667,0.046444444
31.45,0.008933333,0.019222222,0.009933333,0.035888889,0.007866667,0.021592593,0.012733333,0.051925926,0.006733333,0.033037037
31.5,0.009533333,0.001037037,0.0114,0.014,0.0086,0.004851852,0.0148,0.022740741,0.008,0.018148148
31.55,0.009133333,-0.018666667,0.0114,-0.009296296,0.0084,-0.012814815,0.014933333,-0.005962963,0.008666667,0.000851852
31.6,0.007533333,-0.035444444,0.010333333,-0.029962963,0.007266667,-0.029037037,0.014133333,-0.033185185,0.008066667,-0.016111111
31.65,0.0054,-0.047851852,0.008333333,-0.048333333,0.005333333,-0.041333333,0.011666667,-0.060111111,0.007,-0.031555556
31.7,0.0026,-0.055888889,0.005333333,-0.062222222,0.002933333,-0.048703704,0.0078,-0.079740741,0.0048,-0.043962963
31.75,-0.000466667,-0.057444444,0.0018,-0.068814815,0.0002,-0.050037037,0.0034,-0.091740741,0.002333333,-0.050296296
31.8,-0.0034,-0.052888889,-0.0018,-0.068703704,-0.0022,-0.047518519,-0.0018,-0.093148148,-0.0004,-0.052037037
31.85,-0.005866667,-0.04462963,-0.0054,-0.060777778,-0.004666667,-0.041555556,-0.0064,-0.083185185,-0.003066667,-0.048703704
31.9,-0.008066667,-0.031555556,-0.008133333,-0.046592592,-0.0066,-0.03037037,-0.0104,-0.065703704,-0.005466667,-0.040555556
31.95,-0.0092,-0.014407407,-0.010133333,-0.029666667,-0.0078,-0.016555556,-0.0132,-0.04237037,-0.007266667,-0.028518519
32,-0.009533333,0.003555556,-0.011266667,-0.009111111,-0.008266667,-0.001925926,-0.014733333,-0.016333333,-0.008466667,-0.013111111
32.05,-0.008866667,0.021592593,-0.011066667,0.012,-0.008066667,0.013851852,-0.014866667,0.010703704,-0.008666667,0.004037037
32.1,-0.007133333,0.034851852,-0.01,0.031666667,-0.0068,0.027740741,-0.013666667,0.037444444,-0.007933333,0.018740741
32.15,-0.005266667,0.044925926,-0.0078,0.048481481,-0.005133333,0.038037037,-0.011,0.060962963,-0.006666667,0.03062963
32.2,-0.0026,0.052703704,-0.004933333,0.059888889,-0.002866667,0.044703704,-0.007333333,0.07837037,-0.0048,0.040148148
32.25,0.000333333,0.05337037,-0.001533333,0.064703704,-0.000466667,0.046518519,-0.0028,0.086925926,-0.002533333,0.046333333
32.3,0.002933333,0.048888889,0.0018,0.062888889,0.002,0.043259259,0.0018,0.085037037,6.67E-05,0.047222222
32.35,0.0054,0.039703704,0.004933333,0.055814815,0.004,0.036111111,0.006,0.075333333,0.0024,0.042851852
32.4,0.007133333,0.02562963,0.007666667,0.042185185,0.005733333,0.025740741,0.0096,0.058814815,0.004466667,0.035037037
32.45,0.007933333,0.011185185,0.0094,0.023111111,0.006733333,0.011925926,0.012066667,0.037296296,0.006133333,0.022407407
32.5,0.008266667,-0.004037037,0.009933333,0.004,0.006933333,-0.00237037,0.013466667,0.012259259,0.006733333,0.00862963
32.55,0.007666667,-0.021185185,0.0098,-0.015074074,0.006466667,-0.015962963,0.013466667,-0.016037037,0.006933333,-0.00437037
32.6,0.006066667,-0.036296296,0.0084,-0.033037037,0.005266667,-0.027555556,0.011733333,-0.041703704,0.0064,-0.018703704
32.65,0.003733333,-0.045259259,0.006333333,-0.047148148,0.003533333,-0.035111111,0.009066667,-0.061962963,0.004933333,-0.030222222
32.7,0.0014,-0.050074074,0.003533333,-0.057074074,0.0016,-0.038925926,0.005333333,-0.076407407,0.0032,-0.037814815
32.75,-0.0014,-0.050925926,0.000333333,-0.060259259,-0.000466667,-0.039666667,0.001,-0.081074074,0.001066667,-0.042518519
32.8,-0.004,-0.044962963,-0.002733333,-0.05737037,-0.002466667,-0.037481481,-0.003066667,-0.078185185,-0.001266667,-0.042185185
32.85,-0.006066667,-0.034592593,-0.005533333,-0.050222222,-0.0044,-0.031,-0.007066667,-0.068518519,-0.003333333,-0.037407407
32.9,-0.0076,-0.020777778,-0.008066667,-0.036333333,-0.005733333,-0.020592593,-0.0102,-0.051962963,-0.005133333,-0.029259259
32.95,-0.0082,-0.00562963,-0.009333333,-0.018444444,-0.006533333,-0.008259259,-0.012466667,-0.030333333,-0.0064,-0.017962963
33,-0.008066667,0.008185185,-0.009866667,-0.000666667,-0.0066,0.004925926,-0.0134,-0.005037037,-0.006933333,-0.006111111
33.05,-0.0074,0.021888889,-0.009466667,0.018111111,-0.005933333,0.015888889,-0.012933333,0.019777778,-0.007,0.005740741
33.1,-0.005933333,0.035703704,-0.007933333,0.034,-0.004933333,0.025,-0.011266667,0.04137037,-0.0064,0.018037037
33.15,-0.003533333,0.043481481,-0.005933333,0.046518518,-0.003333333,0.031444444,-0.008733333,0.060222222,-0.005133333,0.028592593
33.2,-0.0014,0.046555556,-0.003066667,0.053851852,-0.001733333,0.035851852,-0.005,0.072888889,-0.0034,0.035888889
33.25,0.001266667,0.045518519,-0.000333333,0.055703704,0.000466667,0.035481481,-0.001,0.075777778,-0.001333333,0.03837037
33.3,0.0034,0.039,0.002666667,0.053111111,0.002,0.030703704,0.0028,0.072333333,0.000533333,0.037888889
33.35,0.0052,0.030703704,0.005266667,0.043962963,0.0036,0.023888889,0.006466667,0.062518519,0.0026,0.033703704
33.4,0.0066,0.019037037,0.007133333,0.032074074,0.004533333,0.014111111,0.009333333,0.046037037,0.004066667,0.02562963
33.45,0.007266667,0.004148148,0.008666667,0.015814815,0.004933333,0.005259259,0.011266667,0.024740741,0.005266667,0.014888889
33.5,0.007066667,-0.011740741,0.008866667,-0.003407407,0.005066667,-0.003962963,0.011933333,0.000481481,0.005666667,0.001851852
33.55,0.005933333,-0.02462963,0.0082,-0.020518518,0.004666667,-0.015,0.011266667,-0.022851852,0.0054,-0.010148148
33.6,0.004466667,-0.034037037,0.006733333,-0.035333333,0.003466667,-0.024037037,0.009533333,-0.043407407,0.004533333,-0.01962963
33.65,0.002466667,-0.041148148,0.004533333,-0.046407407,0.002066667,-0.028925926,0.006733333,-0.059222222,0.003333333,-0.026555556
33.7,6.67E-05,-0.042222222,1.80E-03,-0.051111111,0.000533333,-0.031777778,0.0034,-0.069333333,0.0018,-0.031296296
33.75,-0.0018,-0.041222222,-0.000733333,-0.051407407,-0.001333333,-0.029703704,-0.000466667,-0.072592593,0.000133333,-0.033851852
33.8,-0.0042,-0.036407407,-0.003466667,-0.047851852,-0.0026,-0.024037037,-0.004266667,-0.066777778,-0.001733333,-0.033037037
33.85,-0.005666667,-0.026592593,-0.0058,-0.03837037,-0.003733333,-0.017666667,-0.007333333,-0.05537037,-0.003333333,-0.028407407
33.9,-0.006933333,-0.014703704,-0.0074,-0.026037037,-0.0044,-0.01037037,-0.009933333,-0.039814815,-0.0046,-0.022111111
33.95,-0.007266667,-0.000185185,-0.0084,-0.012703704,-0.0048,-0.002407407,-0.011666667,-0.017333333,-0.005733333,-0.011888889
34,-0.0068,0.011703704,-0.008866667,0.004259259,-0.004666667,0.006111111,-0.011666667,0.00562963,-0.005933333,0.000962963
34.05,-0.006066667,0.022703704,-0.008,0.021518518,-0.0042,0.014666667,-0.010933333,0.025666667,-0.005466667,0.010925926
34.1,-0.004533333,0.032777778,-0.006533333,0.035074074,-0.003133333,0.021555556,-0.009066667,0.043962963,-0.004733333,0.018518519
34.15,-0.0026,0.038666667,-0.004333333,0.044555556,-0.001933333,0.025666667,-0.0064,0.058333333,-0.0036,0.024962963
34.2,-0.000466667,0.039851852,-0.001866667,0.048814815,-0.0004,0.026037037,-0.002933333,0.065814815,-0.002133333,0.029037037
34.25,0.001533333,0.037148148,0.000733333,0.048444444,0.0008,0.023407407,0.000466667,0.066222222,-0.0006,0.030592593
34.3,0.0034,0.030851852,0.003133333,0.043814815,0.001933333,0.020037037,0.003933333,0.060259259,0.001,0.029592593
34.35,0.004666667,0.022703704,0.005266667,0.035222222,0.002866667,0.014888889,0.006733333,0.048333333,0.0026,0.023592593
34.4,0.005733333,0.012777778,0.006866667,0.022037037,0.0036,0.006518519,0.008933333,0.032185185,0.003533333,0.014037037
34.45,0.006133333,-0.000777778,0.007533333,0.007111111,0.003533333,-0.002296296,0.010066667,0.013074074,0.003866667,0.006407407
34.5,0.0056,-0.013222222,0.007533333,-0.007407407,0.0032,-0.008111111,0.010266667,-0.006888889,0.004133333,-0.00062963
34.55,0.004733333,-0.023888889,0.0068,-0.021629629,0.002733333,-0.013740741,0.0094,-0.026888889,0.003866667,-0.008592593
34.6,0.003,-0.030074074,0.005333333,-0.034333333,0.0018,-0.018333333,0.007466667,-0.044111111,0.003333333,-0.01737037
34.65,0.001666667,-0.034222222,0.003133333,-0.042111111,0.000866667,-0.02162963,0.004733333,-0.055666667,0.002066667,-0.024518519
34.7,-0.000466667,-0.036481481,0.000933333,-0.045111111,-0.000533333,-0.021296296,0.001733333,-0.06237037,0.000666667,-0.027185185
34.75,-0.0022,-0.034037037,-0.001466667,-0.045037037,-0.001466667,-0.016851852,-0.001733333,-0.062925926,-0.0008,-0.026296296
34.8,-0.004,-0.02837037,-0.003866667,-0.03862963,-0.002133333,-0.013222222,-0.004933333,-0.055148148,-0.002,-0.023740741
34.85,-0.005133333,-0.019962963,-0.0054,-0.029814815,-0.0028,-0.009111111,-0.007466667,-0.041962963,-0.003266667,-0.018888889
34.9,-0.006066667,-0.010733333,-0.006933333,-0.019688889,-0.003133333,-0.003977778,-0.0092,-0.027755556,-0.004,-0.012244444
34.95,-0.0062,-0.001648148,-0.0074,-0.009185185,-0.003133333,3.70E-05,-0.010133333,-0.015462963,-0.004466667,-0.005981481
35,-0.0058,0.004148148,-0.007333333,-0.002814815,-0.002933333,0.002518519,-0.0102,-0.007037037,-0.004333333,-0.000962963
